,Recommendation_1,Recommendation_2,Recommendation_3,Recommendation_4,Recommendation_5
C001,East Tyler,North Jonathan,Douglasmouth,East Madison,East Ethan
C002,East Madison,East Mark,Lake Jacobfort,Herreraberg,Jessicabury
C003,Lake Jacobfort,Lake Jacobfort,East Madison,Douglasmouth,Dylanton
C004,Port Nicoleville,Jillianview,Jessicaview,North Tammyfort,North Jonathan
C005,West Eric,Deborahfurt,Port James,Lawrenceberg,Herreraberg
C006,Kaylachester,Dylanton,East Tyler,Jessicaview,Kaylachester
C007,North Jonathan,East Madison,Kaylachester,East Tyler,East Tyler
C008,Lake Jacobfort,Lake Jacobfort,Kaylachester,East Madison,East Madison
C009,Lake Cynthiamouth,Lake Jacobfort,Lake Jacobfort,Dylanton,Dylanton
C010,Port James,Herreraberg,Evelynland,Jessicabury,Herreraberg
C011,Jessicabury,Dylanton,Jonesshire,South Micheleside,Douglasmouth
C012,Douglasmouth,East Tyler,Jessicabury,Douglasmouth,Dylanton
C013,Lake Jacobfort,Douglasmouth,Jonesshire,East Madison,Lake Jacobfort
C014,Port Johnland,Jessicaview,East Tyler,Herreraberg,Dylanton
C015,Jessicabury,East Madison,Jessicaview,East Tyler,Deborahfurt
C016,East Tyler,North Tammyfort,Jessicaview,Lawrenceberg,Jillianview
C017,Lake Jacobfort,Port Johnland,Lake Jamesburgh,Douglasmouth,Lake Samuelfurt
C018,Herreraberg,Herreraberg,Herreraberg,East Mark,East Madison
C019,Deborahfurt,Port Nicoleville,Jillianview,Jillianview,East Mark
C020,Herreraberg,Jessicabury,Jonesshire,South Micheleside,Jessicabury
C021,Dylanton,East Ethan,Deborahfurt,East Tyler,East Tyler
C022,Lawrenceberg,Jonesshire,Evelynland,Jillianview,Wendystad
C023,East Ethan,Herreraberg,North Jonathan,Moorestad,Douglasmouth
C024,Dylanton,Dylanton,Douglasmouth,East Ethan,East Ethan
C025,Jillianview,Port Nicoleville,Lake Holly,Jillianview,West Eric
C026,Jonesshire,Lawrenceberg,Herreraberg,Deborahfurt,Deborahfurt
C027,East Ethan,Lake Cynthiamouth,East Tyler,Dylanton,Kaylachester
C028,Lake Jacobfort,Evelynland,Port Johnland,North Jonathan,Kaylachester
C029,Deborahfurt,Lake Holly,Douglasmouth,Deborahfurt,Douglasmouth
C030,North Jonathan,Jessicabury,Jessicaview,Jessicaview,East Ethan
C031,Deborahfurt,Deborahfurt,South Corystad,Deborahfurt,Port Nicoleville
C032,Douglasmouth,West Eric,East Mark,Dylanton,East Mark
C033,Dylanton,Jessicabury,Dylanton,Jessicabury,Herreraberg
C034,Deborahfurt,South Corystad,Jillianview,Deborahfurt,Jillianview
C035,Jessicaview,East Tyler,Jillianview,Jillianview,Deborahfurt
C036,East Mark,East Tyler,East Tyler,East Tyler,Lake Samuelfurt
C037,Jessicabury,Deborahfurt,Jessicabury,Jessicabury,Jessicabury
C038,Jessicabury,North Jonathan,East Tyler,East Madison,East Tyler
C039,East Mark,Jillianview,East Tyler,Jessicaview,Herreraberg
C040,East Ethan,East Madison,Deborahfurt,East Madison,Dylanton
C041,Jillianview,Wendystad,Deborahfurt,Jillianview,Jessicabury
C042,East Madison,Lake Jacobfort,Dylanton,Kaylachester,Jonesshire
C043,East Madison,East Ethan,East Mark,Moorestad,East Ethan
C044,South Danny,North Jonathan,East Mark,Markberg,Wendystad
C045,East Ethan,East Ethan,Deborahfurt,East Madison,West Leslie
C046,East Tyler,East Mark,East Madison,South Corystad,Douglasmouth
C047,East Ethan,Evelynland,East Mark,Jillianview,East Madison
C048,Herreraberg,Herreraberg,Herreraberg,East Tyler,East Mark
C049,Dylanton,Jessicaview,Jillianview,East Tyler,Herreraberg
C050,Deborahfurt,Deborahfurt,East Ethan,Deborahfurt,Douglasmouth
C051,Deborahfurt,Jessicaview,Evelynland,South Danny,South Corystad
C052,South Corystad,East Madison,Douglasmouth,South Corystad,Wendystad
C053,Deborahfurt,Jessicaview,Jonesshire,Kaylachester,Deborahfurt
C054,Deborahfurt,Port Nicoleville,East Madison,Deborahfurt,Deborahfurt
C055,West Leslie,Dylanton,East Ethan,Douglasmouth,Lake Holly
C056,West Eric,Jillianview,Lake Jacobfort,Deborahfurt,Jessicabury
C057,Dylanton,South Micheleside,Dylanton,Jessicabury,Moorestad
C058,Deborahfurt,South Corystad,Deborahfurt,Deborahfurt,Lake Samuelfurt
C059,Lake Jacobfort,Dylanton,Jonesshire,East Madison,Douglasmouth
C060,Herreraberg,Herreraberg,Herreraberg,East Tyler,East Mark
C061,East Madison,East Madison,East Ethan,East Madison,Port Nicoleville
C062,East Tyler,North Jonathan,Deborahfurt,Jessicabury,Deborahfurt
C063,Port Nicoleville,Jillianview,Wendystad,Jillianview,Port Nicoleville
C064,East Ethan,North Tammyfort,Port Johnland,South Danny,Lake Samuelfurt
C065,Port Johnland,Douglasmouth,Lake Jacobfort,Jessicaview,Port Nicoleville
C066,Lawrenceberg,Lake Cynthiamouth,Jillianview,Herreraberg,Lake Jamesburgh
C067,Lake Samuelfurt,Herreraberg,Dylanton,Lake Samuelfurt,Lake Jacobfort
C068,Jessicaview,Port Nicoleville,Deborahfurt,Jillianview,Evelynland
C069,East Ethan,East Ethan,Jessicabury,Lake Cynthiamouth,Deborahfurt
C070,Port James,Jonesshire,Lake Holly,Deborahfurt,Port Johnland
C071,North Tammyfort,Evelynland,Jonesshire,Wendystad,Port James
C072,East Madison,Douglasmouth,North Tammyfort,South Corystad,East Mark
C073,Herreraberg,Herreraberg,Herreraberg,Jessicaview,Lawrenceberg
C074,East Tyler,Lake Samuelfurt,Lake Jacobfort,Evelynland,Lake Samuelfurt
C075,Port James,Lake Jamesburgh,Jessicaview,Jillianview,Herreraberg
C076,Kaylachester,Lake Samuelfurt,Lake Jacobfort,Douglasmouth,Lake Holly
C077,Deborahfurt,Jessicabury,Port Nicoleville,Deborahfurt,Jessicabury
C078,Dylanton,North Tammyfort,Herreraberg,South Micheleside,Herreraberg
C079,North Jonathan,West Leslie,Jessicaview,Deborahfurt,South Corystad
C080,Deborahfurt,South Corystad,South Danny,Jessicaview,Deborahfurt
C081,East Tyler,Jessicaview,East Tyler,Jillianview,East Mark
C082,Lawrenceberg,Douglasmouth,Lake Samuelfurt,Lake Jamesburgh,Kaylachester
C083,Lawrenceberg,North Tammyfort,Markberg,Moorestad,East Tyler
C084,Jessicaview,West Leslie,Lake Jamesburgh,East Ethan,Dylanton
C085,Jonesshire,Jessicabury,Kaylachester,Lake Jacobfort,East Tyler
C086,Lake Holly,Douglasmouth,Douglasmouth,North Tammyfort,Deborahfurt
C087,West Leslie,North Jonathan,North Tammyfort,East Tyler,Port Johnland
C088,Markberg,Lake Jamesburgh,Jonesshire,Lake Jacobfort,Douglasmouth
C089,Douglasmouth,West Eric,Lake Samuelfurt,Lake Jamesburgh,Kaylachester
C090,Kaylachester,Lake Jacobfort,Deborahfurt,Douglasmouth,Lake Jamesburgh
C091,Evelynland,Jillianview,Deborahfurt,Port Nicoleville,Deborahfurt
C092,South Micheleside,Douglasmouth,Jessicabury,Port Nicoleville,Lake Holly
C093,Kaylachester,Lake Cynthiamouth,Jessicaview,East Mark,East Tyler
C094,Douglasmouth,East Madison,South Corystad,East Mark,Kaylachester
C095,Douglasmouth,North Tammyfort,Herreraberg,Dylanton,Deborahfurt
C096,Jessicaview,Jillianview,East Tyler,Jessicabury,Wendystad
C097,Lake Samuelfurt,Markberg,Herreraberg,East Ethan,South Corystad
C098,East Tyler,East Ethan,Lake Samuelfurt,North Jonathan,Jessicabury
C099,Lake Jacobfort,Lake Jacobfort,North Tammyfort,Douglasmouth,Nicolestad
C100,South Corystad,Douglasmouth,East Mark,Douglasmouth,Deborahfurt
