Booking_ID,Customer_ID,Route_ID,Booking_Date,Travel_Date,Seats_Booked,Rating,Name,Age_Group,Gender,Location,Preferred_Bus_Type,Origin,Destination,Distance (km),Duration (hours),Bus_Type,Ticket_Price (INR)
B0001,C065,R026,17-11-2023,12-12-2023,4,4.9,Robin Martinez,<18,Non-Binary,Mcdanielside,AC Sleeper,Walterfort,Port Johnland,636,7.4,Non-AC Seater,1765
B0002,C076,R038,10-04-2024,08-05-2024,3,2.1,Tyler Shepherd,18–25,Non-Binary,Evanburgh,AC Sleeper,Mccoystad,Westberg,1087,5.0,Non-AC Seater,360
B0003,C092,R047,02-10-2023,23-10-2023,4,3.9,Jason George,18–25,Non-Binary,Hallshire,AC Semi-Sleeper,Benjaminstad,West Annaland,662,11.7,Non-AC Seater,856
B0004,C004,R026,27-12-2023,10-01-2024,4,1.5,Kathryn Mueller,41–60,Non-Binary,New Melissa,AC Sleeper,Walterfort,Port Johnland,636,7.4,Non-AC Seater,1765
B0005,C080,R050,10-01-2023,30-01-2023,5,5.0,Leroy Williams,>60,Male,West Austinshire,Non-AC Sleeper,Vincentview,South Corystad,347,14.8,Non-AC Sleeper,725
B0006,C061,R004,27-09-2023,18-10-2023,5,1.9,Crystal Hendrix,>60,Male,Lake Travisview,Non-AC Sleeper,North Rebeccafort,Deborahfurt,232,12.2,Non-AC Seater,1806
B0007,C087,R016,18-01-2022,14-02-2022,3,3.4,Sean Bennett,>60,Male,Brittanymouth,Non-AC Sleeper,Williamside,West Leslie,1408,19.8,Non-AC Seater,1653
B0008,C070,R036,17-01-2024,06-02-2024,1,2.0,April Ramsey,26–40,Non-Binary,North Hectorfurt,AC Semi-Sleeper,Stanleyborough,Herreraberg,855,23.9,AC Semi-Sleeper,350
B0009,C013,R025,16-09-2022,20-09-2022,5,3.1,Thomas Wang,26–40,Non-Binary,Port Matthewmouth,Non-AC Seater,Lake Jason,East Madison,618,12.5,AC Semi-Sleeper,891
B0010,C097,R026,05-10-2022,10-10-2022,4,1.6,Travis Newman,18–25,Male,South Linda,AC Semi-Sleeper,Walterfort,Port Johnland,636,7.4,Non-AC Seater,1765
B0011,C090,R017,25-07-2023,14-08-2023,1,1.8,Pamela Brooks,41–60,Non-Binary,South Jason,AC Semi-Sleeper,Port Jessica,Port Emily,435,11.4,AC Semi-Sleeper,907
B0012,C004,R008,26-10-2023,31-10-2023,5,2.8,Kathryn Mueller,41–60,Non-Binary,New Melissa,AC Sleeper,East Jimburgh,Wendystad,844,11.1,AC Sleeper,1392
B0013,C034,R044,25-08-2024,26-08-2024,5,2.2,Jose Torres,<18,Male,South Sarahstad,Non-AC Seater,Newmanside,Lake Jamesburgh,760,18.8,AC Semi-Sleeper,1319
B0014,C013,R006,10-02-2023,23-02-2023,1,4.7,Thomas Wang,26–40,Non-Binary,Port Matthewmouth,Non-AC Seater,New Jamieland,Markberg,1440,3.8,AC Sleeper,1421
B0015,C053,R038,14-09-2023,19-09-2023,3,4.0,Charles Allen,<18,Female,Lake Amanda,AC Sleeper,Mccoystad,Westberg,1087,5.0,Non-AC Seater,360
B0016,C099,R019,02-02-2022,24-02-2022,2,1.7,Mrs. Anna Jordan,>60,Female,East Davidmouth,Non-AC Seater,Pooleburgh,West Eric,933,12.0,AC Sleeper,1921
B0017,C025,R030,12-11-2024,07-12-2024,5,2.2,Brittany Casey,26–40,Female,West Benjaminland,Non-AC Seater,Crossside,Jillianview,796,18.0,AC Semi-Sleeper,1493
B0018,C079,R019,03-05-2024,29-05-2024,1,3.5,Charles Romero,<18,Non-Binary,Maychester,AC Sleeper,Pooleburgh,West Eric,933,12.0,AC Sleeper,1921
B0019,C070,R026,02-01-2023,24-01-2023,3,5.0,April Ramsey,26–40,Non-Binary,North Hectorfurt,AC Semi-Sleeper,Walterfort,Port Johnland,636,7.4,Non-AC Seater,1765
B0020,C027,R036,08-07-2023,27-07-2023,2,3.0,Jill Barrera,18–25,Non-Binary,South Kevin,AC Sleeper,Stanleyborough,Herreraberg,855,23.9,AC Semi-Sleeper,350
B0021,C025,R018,20-03-2023,25-03-2023,5,4.7,Brittany Casey,26–40,Female,West Benjaminland,Non-AC Seater,Port Stacy,Port Nicoleville,487,8.4,AC Sleeper,1199
B0022,C012,R027,02-11-2024,17-11-2024,5,4.0,Mr. Dennis Riley,<18,Non-Binary,East Ashley,AC Sleeper,Brooksshire,Douglasmouth,478,20.8,AC Sleeper,998
B0023,C095,R007,04-08-2023,12-08-2023,3,1.9,Mary Burton,26–40,Non-Binary,East Deborahshire,Non-AC Sleeper,Douglasshire,Port James,1138,6.5,AC Sleeper,504
B0024,C012,R050,18-12-2023,22-12-2023,5,1.2,Mr. Dennis Riley,<18,Non-Binary,East Ashley,AC Sleeper,Vincentview,South Corystad,347,14.8,Non-AC Sleeper,725
B0025,C091,R030,30-01-2023,07-02-2023,1,5.0,Kathryn Mcknight,18–25,Female,Port Meghan,Non-AC Sleeper,Crossside,Jillianview,796,18.0,AC Semi-Sleeper,1493
B0026,C072,R011,09-03-2023,05-04-2023,5,3.2,James Aguirre,18–25,Non-Binary,East Marie,AC Semi-Sleeper,Port Stephenland,South Micheleside,1116,20.5,AC Semi-Sleeper,950
B0027,C025,R012,16-11-2023,08-12-2023,1,4.4,Brittany Casey,26–40,Female,West Benjaminland,Non-AC Seater,Brownbury,Lake Holly,1269,23.5,Non-AC Sleeper,1543
B0028,C023,R040,22-11-2022,06-12-2022,3,3.9,David Perez,>60,Non-Binary,South Katherine,AC Sleeper,Gallowayport,South Francisco,1156,19.4,Non-AC Seater,1985
B0029,C091,R004,05-01-2023,08-01-2023,1,2.6,Kathryn Mcknight,18–25,Female,Port Meghan,Non-AC Sleeper,North Rebeccafort,Deborahfurt,232,12.2,Non-AC Seater,1806
B0030,C005,R015,24-04-2022,25-04-2022,4,4.0,Riley Mitchell,18–25,Female,Perrystad,Non-AC Seater,Douglaschester,Lawrenceberg,1374,21.5,AC Semi-Sleeper,844
B0031,C080,R050,25-12-2023,12-01-2024,2,1.6,Leroy Williams,>60,Male,West Austinshire,Non-AC Sleeper,Vincentview,South Corystad,347,14.8,Non-AC Sleeper,725
B0032,C053,R019,19-10-2024,08-11-2024,5,2.8,Charles Allen,<18,Female,Lake Amanda,AC Sleeper,Pooleburgh,West Eric,933,12.0,AC Sleeper,1921
B0033,C077,R042,16-01-2022,02-02-2022,3,4.3,Jennifer Vaughn,>60,Non-Binary,West Danny,Non-AC Seater,Lake Michael,Jessicabury,1012,18.2,AC Semi-Sleeper,1531
B0034,C080,R032,08-05-2024,20-05-2024,3,1.6,Leroy Williams,>60,Male,West Austinshire,Non-AC Sleeper,Langland,Whitneyhaven,1201,7.6,AC Sleeper,1024
B0035,C066,R044,05-06-2024,22-06-2024,2,5.0,Robert Odonnell,18–25,Female,South Gregorystad,AC Sleeper,Newmanside,Lake Jamesburgh,760,18.8,AC Semi-Sleeper,1319
B0036,C076,R028,22-09-2024,27-09-2024,3,3.7,Tyler Shepherd,18–25,Non-Binary,Evanburgh,AC Sleeper,Nguyenstad,Lake Samuelfurt,480,13.1,AC Sleeper,1178
B0037,C013,R034,04-12-2023,08-12-2023,1,2.1,Thomas Wang,26–40,Non-Binary,Port Matthewmouth,Non-AC Seater,New Jeremy,North Lisabury,919,11.6,Non-AC Sleeper,1177
B0038,C069,R042,27-07-2024,08-08-2024,1,2.3,Jason Fitzpatrick,<18,Male,South Kelseyville,AC Sleeper,Lake Michael,Jessicabury,1012,18.2,AC Semi-Sleeper,1531
B0039,C055,R049,08-10-2023,07-11-2023,3,4.8,Laura Ramirez,>60,Female,East Kathleenside,AC Sleeper,West Trevor,North Tammyfort,836,19.7,AC Sleeper,551
B0040,C083,R048,30-09-2022,30-10-2022,2,4.1,Gabriel Lopez,>60,Male,North Tinaborough,AC Semi-Sleeper,North Mistyberg,Moorestad,472,16.1,Non-AC Sleeper,1793
B0041,C078,R037,02-03-2022,01-04-2022,1,1.2,Tammy Martin PhD,41–60,Male,West Lindsayborough,Non-AC Seater,Laurenbury,Dylanton,896,6.7,Non-AC Sleeper,951
B0042,C088,R021,16-02-2022,14-03-2022,5,3.7,Matthew Murillo,18–25,Non-Binary,North Darin,Non-AC Seater,Goldenview,New Marissashire,110,14.6,Non-AC Sleeper,1471
B0043,C062,R047,01-10-2024,22-10-2024,5,1.1,Nicholas Rivera,<18,Non-Binary,West Aaron,AC Sleeper,Benjaminstad,West Annaland,662,11.7,Non-AC Seater,856
B0044,C071,R013,14-08-2023,01-09-2023,1,2.4,Andrew Clements,18–25,Female,Andrewview,AC Sleeper,Gilberttown,Kaylachester,477,2.6,AC Semi-Sleeper,1240
B0045,C034,R007,02-11-2024,28-11-2024,5,3.0,Jose Torres,<18,Male,South Sarahstad,Non-AC Seater,Douglasshire,Port James,1138,6.5,AC Sleeper,504
B0046,C018,R040,26-03-2024,09-04-2024,1,3.8,Mrs. April Carey,26–40,Non-Binary,Port Mitchell,Non-AC Sleeper,Gallowayport,South Francisco,1156,19.4,Non-AC Seater,1985
B0047,C094,R050,15-05-2024,31-05-2024,4,1.1,Natasha Davenport,41–60,Female,Armstrongshire,Non-AC Sleeper,Vincentview,South Corystad,347,14.8,Non-AC Sleeper,725
B0048,C073,R036,05-03-2022,14-03-2022,2,4.8,Lauren Monroe,41–60,Male,Ashleyborough,Non-AC Sleeper,Stanleyborough,Herreraberg,855,23.9,AC Semi-Sleeper,350
B0049,C021,R014,22-07-2024,17-08-2024,1,3.4,Nathaniel Davis,18–25,Male,South Mary,AC Semi-Sleeper,New Robert,Lake Cynthiamouth,1498,13.8,Non-AC Sleeper,316
B0050,C090,R040,12-03-2022,14-03-2022,4,1.9,Pamela Brooks,41–60,Non-Binary,South Jason,AC Semi-Sleeper,Gallowayport,South Francisco,1156,19.4,Non-AC Seater,1985
B0051,C087,R041,08-11-2022,01-12-2022,1,1.2,Sean Bennett,>60,Male,Brittanymouth,Non-AC Sleeper,East Marymouth,East Ethan,96,14.7,Non-AC Sleeper,1822
B0052,C090,R001,22-01-2024,27-01-2024,4,3.1,Pamela Brooks,41–60,Non-Binary,South Jason,AC Semi-Sleeper,Pettymouth,West Joelborough,749,5.4,AC Sleeper,1616
B0053,C061,R014,03-02-2023,12-02-2023,2,2.9,Crystal Hendrix,>60,Male,Lake Travisview,Non-AC Sleeper,New Robert,Lake Cynthiamouth,1498,13.8,Non-AC Sleeper,316
B0054,C071,R015,26-09-2023,29-09-2023,2,1.2,Andrew Clements,18–25,Female,Andrewview,AC Sleeper,Douglaschester,Lawrenceberg,1374,21.5,AC Semi-Sleeper,844
B0055,C046,R008,23-06-2022,27-06-2022,1,2.4,Elizabeth Clark,41–60,Non-Binary,Coreystad,Non-AC Sleeper,East Jimburgh,Wendystad,844,11.1,AC Sleeper,1392
B0056,C081,R030,25-07-2023,07-08-2023,1,4.3,Marissa Jimenez DDS,41–60,Female,Port Angie,AC Sleeper,Crossside,Jillianview,796,18.0,AC Semi-Sleeper,1493
B0057,C061,R018,06-12-2023,18-12-2023,2,2.8,Crystal Hendrix,>60,Male,Lake Travisview,Non-AC Sleeper,Port Stacy,Port Nicoleville,487,8.4,AC Sleeper,1199
B0058,C022,R018,28-05-2023,27-06-2023,4,1.2,Jennifer Baker,18–25,Non-Binary,Port Michelle,Non-AC Sleeper,Port Stacy,Port Nicoleville,487,8.4,AC Sleeper,1199
B0059,C003,R035,20-11-2022,06-12-2022,1,2.2,Rebecca Rios,<18,Male,New Lee,Non-AC Sleeper,New Justin,Ronniemouth,933,5.5,AC Semi-Sleeper,454
B0060,C072,R039,16-02-2023,15-03-2023,5,2.1,James Aguirre,18–25,Non-Binary,East Marie,AC Semi-Sleeper,Terrichester,Youngmouth,107,6.4,Non-AC Sleeper,976
B0061,C036,R023,06-02-2023,10-02-2023,1,4.7,Jimmy Lane,>60,Non-Binary,Jessestad,AC Sleeper,West Lisaport,Jessicaview,865,17.7,AC Sleeper,835
B0062,C061,R044,10-09-2023,30-09-2023,4,1.4,Crystal Hendrix,>60,Male,Lake Travisview,Non-AC Sleeper,Newmanside,Lake Jamesburgh,760,18.8,AC Semi-Sleeper,1319
B0063,C020,R009,27-11-2023,14-12-2023,4,4.4,Jenna Taylor,<18,Female,Michaelton,Non-AC Sleeper,Kennedyborough,Jonesshire,1265,19.5,AC Sleeper,805
B0064,C037,R042,31-03-2023,20-04-2023,4,4.9,James Blanchard,18–25,Female,Beardburgh,Non-AC Seater,Lake Michael,Jessicabury,1012,18.2,AC Semi-Sleeper,1531
B0065,C070,R035,29-03-2024,13-04-2024,1,3.2,April Ramsey,26–40,Non-Binary,North Hectorfurt,AC Semi-Sleeper,New Justin,Ronniemouth,933,5.5,AC Semi-Sleeper,454
B0066,C051,R022,26-02-2022,06-03-2022,2,1.6,Jacob Jones,26–40,Non-Binary,Cynthiaport,Non-AC Sleeper,Garyton,North Kellyland,1463,15.2,Non-AC Seater,1517
B0067,C024,R020,22-10-2022,25-10-2022,5,2.9,Mallory Lopez,>60,Male,Carterborough,AC Semi-Sleeper,South Justinhaven,Port Markville,528,13.0,AC Sleeper,655
B0068,C084,R006,03-12-2023,14-12-2023,2,2.0,Mark Lee,<18,Male,New Jacobton,AC Semi-Sleeper,New Jamieland,Markberg,1440,3.8,AC Sleeper,1421
B0069,C035,R030,11-12-2024,28-12-2024,4,3.0,Sherry Huynh,>60,Non-Binary,Rodriguezhaven,AC Semi-Sleeper,Crossside,Jillianview,796,18.0,AC Semi-Sleeper,1493
B0070,C099,R008,19-05-2022,29-05-2022,2,4.5,Mrs. Anna Jordan,>60,Female,East Davidmouth,Non-AC Seater,East Jimburgh,Wendystad,844,11.1,AC Sleeper,1392
B0071,C074,R046,25-07-2024,07-08-2024,5,5.0,Heather Jones,26–40,Female,South Kathrynville,Non-AC Sleeper,Williamsville,Mcdowellburgh,140,14.4,Non-AC Seater,1542
B0072,C011,R039,05-03-2022,06-03-2022,2,3.0,Jessica Chandler,<18,Female,Durhambury,AC Sleeper,Terrichester,Youngmouth,107,6.4,Non-AC Sleeper,976
B0073,C099,R009,28-05-2022,23-06-2022,5,1.1,Mrs. Anna Jordan,>60,Female,East Davidmouth,Non-AC Seater,Kennedyborough,Jonesshire,1265,19.5,AC Sleeper,805
B0074,C050,R015,17-03-2022,04-04-2022,1,3.2,John Smith,>60,Non-Binary,Phelpshaven,Non-AC Seater,Douglaschester,Lawrenceberg,1374,21.5,AC Semi-Sleeper,844
B0075,C083,R014,15-08-2023,01-09-2023,2,2.3,Gabriel Lopez,>60,Male,North Tinaborough,AC Semi-Sleeper,New Robert,Lake Cynthiamouth,1498,13.8,Non-AC Sleeper,316
B0076,C021,R041,12-02-2022,12-03-2022,2,3.2,Nathaniel Davis,18–25,Male,South Mary,AC Semi-Sleeper,East Marymouth,East Ethan,96,14.7,Non-AC Sleeper,1822
B0077,C093,R042,14-12-2023,08-01-2024,1,1.3,Samantha Osborne,18–25,Female,Calebfort,Non-AC Sleeper,Lake Michael,Jessicabury,1012,18.2,AC Semi-Sleeper,1531
B0078,C082,R034,03-08-2022,07-08-2022,1,4.1,Rebecca Beck,18–25,Male,East Amberfurt,Non-AC Seater,New Jeremy,North Lisabury,919,11.6,Non-AC Sleeper,1177
B0079,C097,R026,16-01-2022,25-01-2022,3,2.7,Travis Newman,18–25,Male,South Linda,AC Semi-Sleeper,Walterfort,Port Johnland,636,7.4,Non-AC Seater,1765
B0080,C086,R049,13-01-2024,08-02-2024,1,5.0,William Mathews,26–40,Male,New Kimberly,AC Semi-Sleeper,West Trevor,North Tammyfort,836,19.7,AC Sleeper,551
B0081,C074,R013,09-05-2023,19-05-2023,2,3.3,Heather Jones,26–40,Female,South Kathrynville,Non-AC Sleeper,Gilberttown,Kaylachester,477,2.6,AC Semi-Sleeper,1240
B0082,C032,R012,25-12-2023,03-01-2024,3,4.4,Katherine Gallagher DDS,18–25,Non-Binary,Josephport,Non-AC Sleeper,Brownbury,Lake Holly,1269,23.5,Non-AC Sleeper,1543
B0083,C001,R008,01-01-2022,28-01-2022,3,2.1,Ashley Hooper,26–40,Non-Binary,Annchester,AC Sleeper,East Jimburgh,Wendystad,844,11.1,AC Sleeper,1392
B0084,C080,R045,13-08-2023,20-08-2023,4,2.8,Leroy Williams,>60,Male,West Austinshire,Non-AC Sleeper,East Kathy,East Tyler,1168,5.8,Non-AC Seater,416
B0085,C021,R020,03-03-2023,23-03-2023,4,4.8,Nathaniel Davis,18–25,Male,South Mary,AC Semi-Sleeper,South Justinhaven,Port Markville,528,13.0,AC Sleeper,655
B0086,C016,R030,09-05-2024,03-06-2024,5,2.5,Nicole Atkinson,>60,Female,West Gregg,AC Sleeper,Crossside,Jillianview,796,18.0,AC Semi-Sleeper,1493
B0087,C097,R032,13-10-2022,01-11-2022,5,2.8,Travis Newman,18–25,Male,South Linda,AC Semi-Sleeper,Langland,Whitneyhaven,1201,7.6,AC Sleeper,1024
B0088,C006,R028,14-12-2021,31-12-2021,4,1.1,Cynthia Norman,41–60,Non-Binary,Mendeztown,Non-AC Sleeper,Nguyenstad,Lake Samuelfurt,480,13.1,AC Sleeper,1178
B0089,C019,R030,22-12-2021,25-12-2021,4,3.0,Kaitlyn Snow,26–40,Non-Binary,Danielport,AC Sleeper,Crossside,Jillianview,796,18.0,AC Semi-Sleeper,1493
B0090,C023,R010,12-04-2022,27-04-2022,2,1.7,David Perez,>60,Non-Binary,South Katherine,AC Sleeper,North Maryport,East Mark,804,2.5,AC Semi-Sleeper,1878
B0091,C084,R014,08-06-2024,25-06-2024,4,4.4,Mark Lee,<18,Male,New Jacobton,AC Semi-Sleeper,New Robert,Lake Cynthiamouth,1498,13.8,Non-AC Sleeper,316
B0092,C086,R006,17-02-2023,03-03-2023,2,1.8,William Mathews,26–40,Male,New Kimberly,AC Semi-Sleeper,New Jamieland,Markberg,1440,3.8,AC Sleeper,1421
B0093,C065,R034,22-05-2024,31-05-2024,1,2.0,Robin Martinez,<18,Non-Binary,Mcdanielside,AC Sleeper,New Jeremy,North Lisabury,919,11.6,Non-AC Sleeper,1177
B0094,C035,R022,14-11-2022,08-12-2022,4,3.2,Sherry Huynh,>60,Non-Binary,Rodriguezhaven,AC Semi-Sleeper,Garyton,North Kellyland,1463,15.2,Non-AC Seater,1517
B0095,C025,R039,09-11-2024,05-12-2024,3,3.4,Brittany Casey,26–40,Female,West Benjaminland,Non-AC Seater,Terrichester,Youngmouth,107,6.4,Non-AC Sleeper,976
B0096,C076,R033,10-05-2023,28-05-2023,3,2.7,Tyler Shepherd,18–25,Non-Binary,Evanburgh,AC Sleeper,North Deborah,Lake Jacobfort,337,6.4,Non-AC Sleeper,1288
B0097,C048,R036,17-08-2023,09-09-2023,5,3.5,Selena Cook,>60,Non-Binary,East Chelsea,AC Semi-Sleeper,Stanleyborough,Herreraberg,855,23.9,AC Semi-Sleeper,350
B0098,C039,R028,29-09-2024,09-10-2024,2,2.8,Michael Potts,<18,Female,Payneshire,AC Semi-Sleeper,Nguyenstad,Lake Samuelfurt,480,13.1,AC Sleeper,1178
B0099,C090,R016,30-11-2022,30-12-2022,1,2.4,Pamela Brooks,41–60,Non-Binary,South Jason,AC Semi-Sleeper,Williamside,West Leslie,1408,19.8,Non-AC Seater,1653
B0100,C090,R031,29-07-2024,03-08-2024,5,4.1,Pamela Brooks,41–60,Non-Binary,South Jason,AC Semi-Sleeper,West Jeffrey,South Kim,73,9.6,Non-AC Seater,1264
B0101,C047,R048,25-12-2022,22-01-2023,5,3.4,Todd Chung,>60,Non-Binary,West Jonathan,AC Semi-Sleeper,North Mistyberg,Moorestad,472,16.1,Non-AC Sleeper,1793
B0102,C068,R023,26-09-2024,04-10-2024,5,4.1,Stephanie Gutierrez,<18,Female,Turnerview,AC Semi-Sleeper,West Lisaport,Jessicaview,865,17.7,AC Sleeper,835
B0103,C100,R011,28-07-2022,16-08-2022,3,4.3,Helen Price,41–60,Male,Martinezview,AC Sleeper,Port Stephenland,South Micheleside,1116,20.5,AC Semi-Sleeper,950
B0104,C059,R033,22-02-2024,17-03-2024,2,2.1,Craig Smith,41–60,Female,West Danielfort,AC Semi-Sleeper,North Deborah,Lake Jacobfort,337,6.4,Non-AC Sleeper,1288
B0105,C024,R037,14-03-2022,28-03-2022,5,3.0,Mallory Lopez,>60,Male,Carterborough,AC Semi-Sleeper,Laurenbury,Dylanton,896,6.7,Non-AC Sleeper,951
B0106,C053,R029,03-03-2024,13-03-2024,4,1.9,Charles Allen,<18,Female,Lake Amanda,AC Sleeper,Ramireztown,Evelynland,1235,8.2,Non-AC Seater,443
B0107,C008,R035,06-07-2023,29-07-2023,1,4.0,Jonathan Schwartz,18–25,Female,Kimberlystad,Non-AC Sleeper,New Justin,Ronniemouth,933,5.5,AC Semi-Sleeper,454
B0108,C001,R002,24-02-2024,12-03-2024,1,3.7,Ashley Hooper,26–40,Non-Binary,Annchester,AC Sleeper,Port Johnton,North Jonathan,1092,11.9,Non-AC Seater,967
B0109,C027,R029,14-08-2023,01-09-2023,4,3.3,Jill Barrera,18–25,Non-Binary,South Kevin,AC Sleeper,Ramireztown,Evelynland,1235,8.2,Non-AC Seater,443
B0110,C022,R049,22-03-2022,28-03-2022,1,1.4,Jennifer Baker,18–25,Non-Binary,Port Michelle,Non-AC Sleeper,West Trevor,North Tammyfort,836,19.7,AC Sleeper,551
B0111,C096,R022,22-10-2022,09-11-2022,3,2.3,Kathy Shah,18–25,Non-Binary,Lake Stephanie,Non-AC Seater,Garyton,North Kellyland,1463,15.2,Non-AC Seater,1517
B0112,C074,R028,16-03-2024,27-03-2024,5,2.1,Heather Jones,26–40,Female,South Kathrynville,Non-AC Sleeper,Nguyenstad,Lake Samuelfurt,480,13.1,AC Sleeper,1178
B0113,C068,R018,23-03-2024,27-03-2024,4,4.2,Stephanie Gutierrez,<18,Female,Turnerview,AC Semi-Sleeper,Port Stacy,Port Nicoleville,487,8.4,AC Sleeper,1199
B0114,C100,R046,16-12-2023,03-01-2024,1,1.8,Helen Price,41–60,Male,Martinezview,AC Sleeper,Williamsville,Mcdowellburgh,140,14.4,Non-AC Seater,1542
B0115,C029,R012,31-05-2023,09-06-2023,4,4.6,Richard Johnson,<18,Non-Binary,Normachester,Non-AC Sleeper,Brownbury,Lake Holly,1269,23.5,Non-AC Sleeper,1543
B0116,C037,R026,31-08-2023,26-09-2023,1,2.2,James Blanchard,18–25,Female,Beardburgh,Non-AC Seater,Walterfort,Port Johnland,636,7.4,Non-AC Seater,1765
B0117,C062,R002,12-06-2023,01-07-2023,5,4.9,Nicholas Rivera,<18,Non-Binary,West Aaron,AC Sleeper,Port Johnton,North Jonathan,1092,11.9,Non-AC Seater,967
B0118,C010,R046,23-04-2022,09-05-2022,5,4.6,Kaitlyn Sullivan,41–60,Male,South Eric,AC Semi-Sleeper,Williamsville,Mcdowellburgh,140,14.4,Non-AC Seater,1542
B0119,C017,R031,19-06-2023,14-07-2023,5,1.8,Lori Rogers,>60,Female,West Colleentown,AC Semi-Sleeper,West Jeffrey,South Kim,73,9.6,Non-AC Seater,1264
B0120,C078,R005,21-01-2023,18-02-2023,2,3.4,Tammy Martin PhD,41–60,Male,West Lindsayborough,Non-AC Seater,East Courtney,Port Jeffery,305,1.5,Non-AC Seater,1982
B0121,C100,R025,13-03-2023,17-03-2023,4,2.5,Helen Price,41–60,Male,Martinezview,AC Sleeper,Lake Jason,East Madison,618,12.5,AC Semi-Sleeper,891
B0122,C065,R043,11-02-2022,17-02-2022,2,1.7,Robin Martinez,<18,Non-Binary,Mcdanielside,AC Sleeper,East Deanna,Nicolestad,125,4.0,AC Sleeper,1012
B0123,C071,R008,02-06-2024,01-07-2024,4,4.0,Andrew Clements,18–25,Female,Andrewview,AC Sleeper,East Jimburgh,Wendystad,844,11.1,AC Sleeper,1392
B0124,C038,R007,13-06-2024,25-06-2024,5,3.2,Nathan Henderson Jr.,26–40,Female,Lake Kimberlyborough,Non-AC Sleeper,Douglasshire,Port James,1138,6.5,AC Sleeper,504
B0125,C066,R012,21-03-2022,30-03-2022,3,1.4,Robert Odonnell,18–25,Female,South Gregorystad,AC Sleeper,Brownbury,Lake Holly,1269,23.5,Non-AC Sleeper,1543
B0126,C005,R047,25-04-2022,17-05-2022,1,2.0,Riley Mitchell,18–25,Female,Perrystad,Non-AC Seater,Benjaminstad,West Annaland,662,11.7,Non-AC Seater,856
B0127,C076,R046,04-04-2024,12-04-2024,2,2.1,Tyler Shepherd,18–25,Non-Binary,Evanburgh,AC Sleeper,Williamsville,Mcdowellburgh,140,14.4,Non-AC Seater,1542
B0128,C037,R047,30-03-2024,06-04-2024,3,2.1,James Blanchard,18–25,Female,Beardburgh,Non-AC Seater,Benjaminstad,West Annaland,662,11.7,Non-AC Seater,856
B0129,C005,R004,25-03-2022,21-04-2022,1,1.3,Riley Mitchell,18–25,Female,Perrystad,Non-AC Seater,North Rebeccafort,Deborahfurt,232,12.2,Non-AC Seater,1806
B0130,C040,R026,29-09-2022,21-10-2022,4,4.1,John Jensen,>60,Female,Alexisshire,Non-AC Sleeper,Walterfort,Port Johnland,636,7.4,Non-AC Seater,1765
B0131,C039,R040,24-01-2022,20-02-2022,2,4.4,Michael Potts,<18,Female,Payneshire,AC Semi-Sleeper,Gallowayport,South Francisco,1156,19.4,Non-AC Seater,1985
B0132,C035,R009,30-12-2022,27-01-2023,1,2.5,Sherry Huynh,>60,Non-Binary,Rodriguezhaven,AC Semi-Sleeper,Kennedyborough,Jonesshire,1265,19.5,AC Sleeper,805
B0133,C028,R021,01-11-2023,24-11-2023,1,2.6,Amber Banks,26–40,Non-Binary,Staceyburgh,Non-AC Sleeper,Goldenview,New Marissashire,110,14.6,Non-AC Sleeper,1471
B0134,C038,R043,14-07-2022,07-08-2022,4,3.0,Nathan Henderson Jr.,26–40,Female,Lake Kimberlyborough,Non-AC Sleeper,East Deanna,Nicolestad,125,4.0,AC Sleeper,1012
B0135,C013,R022,09-05-2023,19-05-2023,1,1.4,Thomas Wang,26–40,Non-Binary,Port Matthewmouth,Non-AC Seater,Garyton,North Kellyland,1463,15.2,Non-AC Seater,1517
B0136,C038,R024,04-09-2022,25-09-2022,4,4.3,Nathan Henderson Jr.,26–40,Female,Lake Kimberlyborough,Non-AC Sleeper,South Richard,New Brandonmouth,742,15.7,AC Semi-Sleeper,1141
B0137,C098,R002,12-01-2024,01-02-2024,1,4.8,Billy Valdez,26–40,Non-Binary,Wilsonshire,Non-AC Seater,Port Johnton,North Jonathan,1092,11.9,Non-AC Seater,967
B0138,C075,R044,22-10-2023,01-11-2023,4,4.9,Robert Weaver,>60,Male,Port Amanda,Non-AC Seater,Newmanside,Lake Jamesburgh,760,18.8,AC Semi-Sleeper,1319
B0139,C011,R014,01-11-2023,21-11-2023,2,3.8,Jessica Chandler,<18,Female,Durhambury,AC Sleeper,New Robert,Lake Cynthiamouth,1498,13.8,Non-AC Sleeper,316
B0140,C072,R008,27-05-2022,05-06-2022,2,1.8,James Aguirre,18–25,Non-Binary,East Marie,AC Semi-Sleeper,East Jimburgh,Wendystad,844,11.1,AC Sleeper,1392
B0141,C062,R023,21-11-2023,17-12-2023,1,4.2,Nicholas Rivera,<18,Non-Binary,West Aaron,AC Sleeper,West Lisaport,Jessicaview,865,17.7,AC Sleeper,835
B0142,C088,R019,15-03-2023,31-03-2023,3,3.0,Matthew Murillo,18–25,Non-Binary,North Darin,Non-AC Seater,Pooleburgh,West Eric,933,12.0,AC Sleeper,1921
B0143,C083,R001,15-11-2023,02-12-2023,3,3.9,Gabriel Lopez,>60,Male,North Tinaborough,AC Semi-Sleeper,Pettymouth,West Joelborough,749,5.4,AC Sleeper,1616
B0144,C001,R044,15-09-2024,02-10-2024,4,2.3,Ashley Hooper,26–40,Non-Binary,Annchester,AC Sleeper,Newmanside,Lake Jamesburgh,760,18.8,AC Semi-Sleeper,1319
B0145,C054,R001,12-11-2022,02-12-2022,4,3.6,Robert Ibarra,<18,Non-Binary,Jonathanport,Non-AC Sleeper,Pettymouth,West Joelborough,749,5.4,AC Sleeper,1616
B0146,C007,R024,03-08-2022,27-08-2022,2,2.4,Elizabeth Simpson,41–60,Male,Brianland,Non-AC Sleeper,South Richard,New Brandonmouth,742,15.7,AC Semi-Sleeper,1141
B0147,C036,R028,13-05-2024,04-06-2024,2,5.0,Jimmy Lane,>60,Non-Binary,Jessestad,AC Sleeper,Nguyenstad,Lake Samuelfurt,480,13.1,AC Sleeper,1178
B0148,C060,R036,29-03-2023,31-03-2023,3,3.2,Karen Woodward,26–40,Female,Michaelhaven,AC Sleeper,Stanleyborough,Herreraberg,855,23.9,AC Semi-Sleeper,350
B0149,C082,R044,06-11-2022,01-12-2022,5,3.9,Rebecca Beck,18–25,Male,East Amberfurt,Non-AC Seater,Newmanside,Lake Jamesburgh,760,18.8,AC Semi-Sleeper,1319
B0150,C075,R015,05-07-2023,23-07-2023,5,4.6,Robert Weaver,>60,Male,Port Amanda,Non-AC Seater,Douglaschester,Lawrenceberg,1374,21.5,AC Semi-Sleeper,844
B0151,C009,R024,21-12-2022,30-12-2022,5,2.2,Jonathan Lynn,>60,Male,Angelicaview,Non-AC Sleeper,South Richard,New Brandonmouth,742,15.7,AC Semi-Sleeper,1141
B0152,C036,R045,20-12-2022,17-01-2023,1,4.1,Jimmy Lane,>60,Non-Binary,Jessestad,AC Sleeper,East Kathy,East Tyler,1168,5.8,Non-AC Seater,416
B0153,C095,R017,25-05-2024,15-06-2024,4,1.2,Mary Burton,26–40,Non-Binary,East Deborahshire,Non-AC Sleeper,Port Jessica,Port Emily,435,11.4,AC Semi-Sleeper,907
B0154,C069,R041,22-04-2023,10-05-2023,3,3.8,Jason Fitzpatrick,<18,Male,South Kelseyville,AC Sleeper,East Marymouth,East Ethan,96,14.7,Non-AC Sleeper,1822
B0155,C002,R011,28-02-2023,06-03-2023,3,4.6,Antonio Campos,26–40,Male,New John,AC Semi-Sleeper,Port Stephenland,South Micheleside,1116,20.5,AC Semi-Sleeper,950
B0156,C085,R043,18-12-2022,21-12-2022,3,3.9,Ashley Bowman,26–40,Non-Binary,Paulaberg,AC Semi-Sleeper,East Deanna,Nicolestad,125,4.0,AC Sleeper,1012
B0157,C061,R011,07-03-2024,16-03-2024,1,1.8,Crystal Hendrix,>60,Male,Lake Travisview,Non-AC Sleeper,Port Stephenland,South Micheleside,1116,20.5,AC Semi-Sleeper,950
B0158,C003,R036,27-07-2022,10-08-2022,3,1.6,Rebecca Rios,<18,Male,New Lee,Non-AC Sleeper,Stanleyborough,Herreraberg,855,23.9,AC Semi-Sleeper,350
B0159,C029,R019,02-04-2022,28-04-2022,3,1.6,Richard Johnson,<18,Non-Binary,Normachester,Non-AC Sleeper,Pooleburgh,West Eric,933,12.0,AC Sleeper,1921
B0160,C092,R021,21-02-2023,19-03-2023,3,4.1,Jason George,18–25,Non-Binary,Hallshire,AC Semi-Sleeper,Goldenview,New Marissashire,110,14.6,Non-AC Sleeper,1471
B0161,C062,R042,14-08-2024,17-08-2024,5,4.9,Nicholas Rivera,<18,Non-Binary,West Aaron,AC Sleeper,Lake Michael,Jessicabury,1012,18.2,AC Semi-Sleeper,1531
B0162,C053,R030,21-04-2022,19-05-2022,4,1.2,Charles Allen,<18,Female,Lake Amanda,AC Sleeper,Crossside,Jillianview,796,18.0,AC Semi-Sleeper,1493
B0163,C025,R048,25-08-2023,10-09-2023,5,4.4,Brittany Casey,26–40,Female,West Benjaminland,Non-AC Seater,North Mistyberg,Moorestad,472,16.1,Non-AC Sleeper,1793
B0164,C065,R040,03-09-2022,07-09-2022,3,1.1,Robin Martinez,<18,Non-Binary,Mcdanielside,AC Sleeper,Gallowayport,South Francisco,1156,19.4,Non-AC Seater,1985
B0165,C011,R036,27-08-2023,03-09-2023,5,1.2,Jessica Chandler,<18,Female,Durhambury,AC Sleeper,Stanleyborough,Herreraberg,855,23.9,AC Semi-Sleeper,350
B0166,C083,R034,18-12-2022,05-01-2023,4,4.3,Gabriel Lopez,>60,Male,North Tinaborough,AC Semi-Sleeper,New Jeremy,North Lisabury,919,11.6,Non-AC Sleeper,1177
B0167,C040,R025,19-01-2022,01-02-2022,5,4.4,John Jensen,>60,Female,Alexisshire,Non-AC Sleeper,Lake Jason,East Madison,618,12.5,AC Semi-Sleeper,891
B0168,C002,R027,03-11-2024,06-11-2024,1,2.3,Antonio Campos,26–40,Male,New John,AC Semi-Sleeper,Brooksshire,Douglasmouth,478,20.8,AC Sleeper,998
B0169,C093,R028,20-03-2024,31-03-2024,1,3.2,Samantha Osborne,18–25,Female,Calebfort,Non-AC Sleeper,Nguyenstad,Lake Samuelfurt,480,13.1,AC Sleeper,1178
B0170,C099,R009,22-03-2024,05-04-2024,5,1.6,Mrs. Anna Jordan,>60,Female,East Davidmouth,Non-AC Seater,Kennedyborough,Jonesshire,1265,19.5,AC Sleeper,805
B0171,C046,R031,02-10-2023,04-10-2023,4,3.4,Elizabeth Clark,41–60,Non-Binary,Coreystad,Non-AC Sleeper,West Jeffrey,South Kim,73,9.6,Non-AC Seater,1264
B0172,C038,R033,18-10-2022,30-10-2022,5,2.6,Nathan Henderson Jr.,26–40,Female,Lake Kimberlyborough,Non-AC Sleeper,North Deborah,Lake Jacobfort,337,6.4,Non-AC Sleeper,1288
B0173,C009,R033,26-02-2023,02-03-2023,5,4.6,Jonathan Lynn,>60,Male,Angelicaview,Non-AC Sleeper,North Deborah,Lake Jacobfort,337,6.4,Non-AC Sleeper,1288
B0174,C050,R010,31-12-2021,29-01-2022,1,1.3,John Smith,>60,Non-Binary,Phelpshaven,Non-AC Seater,North Maryport,East Mark,804,2.5,AC Semi-Sleeper,1878
B0175,C069,R014,09-01-2022,14-01-2022,4,2.8,Jason Fitzpatrick,<18,Male,South Kelseyville,AC Sleeper,New Robert,Lake Cynthiamouth,1498,13.8,Non-AC Sleeper,316
B0176,C067,R035,18-09-2023,02-10-2023,3,4.9,Stephanie Davenport,<18,Non-Binary,Stacyton,Non-AC Sleeper,New Justin,Ronniemouth,933,5.5,AC Semi-Sleeper,454
B0177,C034,R018,01-01-2022,17-01-2022,5,3.0,Jose Torres,<18,Male,South Sarahstad,Non-AC Seater,Port Stacy,Port Nicoleville,487,8.4,AC Sleeper,1199
B0178,C034,R018,01-11-2023,27-11-2023,1,1.6,Jose Torres,<18,Male,South Sarahstad,Non-AC Seater,Port Stacy,Port Nicoleville,487,8.4,AC Sleeper,1199
B0179,C080,R005,20-02-2022,04-03-2022,4,3.0,Leroy Williams,>60,Male,West Austinshire,Non-AC Sleeper,East Courtney,Port Jeffery,305,1.5,Non-AC Seater,1982
B0180,C099,R035,20-06-2023,28-06-2023,1,1.6,Mrs. Anna Jordan,>60,Female,East Davidmouth,Non-AC Seater,New Justin,Ronniemouth,933,5.5,AC Semi-Sleeper,454
B0181,C038,R020,14-07-2023,20-07-2023,4,4.9,Nathan Henderson Jr.,26–40,Female,Lake Kimberlyborough,Non-AC Sleeper,South Justinhaven,Port Markville,528,13.0,AC Sleeper,655
B0182,C086,R020,27-03-2022,15-04-2022,5,4.3,William Mathews,26–40,Male,New Kimberly,AC Semi-Sleeper,South Justinhaven,Port Markville,528,13.0,AC Sleeper,655
B0183,C052,R017,01-05-2024,16-05-2024,4,1.8,Kyle Stewart,26–40,Non-Binary,Jeffreybury,AC Sleeper,Port Jessica,Port Emily,435,11.4,AC Semi-Sleeper,907
B0184,C009,R043,24-08-2023,01-09-2023,4,3.4,Jonathan Lynn,>60,Male,Angelicaview,Non-AC Sleeper,East Deanna,Nicolestad,125,4.0,AC Sleeper,1012
B0185,C070,R049,18-04-2022,20-04-2022,1,4.1,April Ramsey,26–40,Non-Binary,North Hectorfurt,AC Semi-Sleeper,West Trevor,North Tammyfort,836,19.7,AC Sleeper,551
B0186,C030,R023,10-02-2024,02-03-2024,3,4.2,Shane Davidson,18–25,Non-Binary,South Jamesside,AC Sleeper,West Lisaport,Jessicaview,865,17.7,AC Sleeper,835
B0187,C027,R020,23-04-2022,10-05-2022,2,4.3,Jill Barrera,18–25,Non-Binary,South Kevin,AC Sleeper,South Justinhaven,Port Markville,528,13.0,AC Sleeper,655
B0188,C043,R041,29-10-2023,08-11-2023,4,2.5,Vincent Brown,41–60,Non-Binary,Jordanshire,AC Sleeper,East Marymouth,East Ethan,96,14.7,Non-AC Sleeper,1822
B0189,C043,R003,20-05-2023,06-06-2023,3,1.2,Vincent Brown,41–60,Non-Binary,Jordanshire,AC Sleeper,Madisonberg,South Danny,1172,4.3,Non-AC Sleeper,1112
B0190,C001,R009,16-07-2022,15-08-2022,4,2.1,Ashley Hooper,26–40,Non-Binary,Annchester,AC Sleeper,Kennedyborough,Jonesshire,1265,19.5,AC Sleeper,805
B0191,C092,R023,16-05-2023,18-05-2023,5,1.9,Jason George,18–25,Non-Binary,Hallshire,AC Semi-Sleeper,West Lisaport,Jessicaview,865,17.7,AC Sleeper,835
B0192,C010,R015,13-08-2023,11-09-2023,3,3.6,Kaitlyn Sullivan,41–60,Male,South Eric,AC Semi-Sleeper,Douglaschester,Lawrenceberg,1374,21.5,AC Semi-Sleeper,844
B0193,C056,R048,26-01-2023,04-02-2023,3,2.9,Susan Bryan,>60,Female,Byrdville,AC Semi-Sleeper,North Mistyberg,Moorestad,472,16.1,Non-AC Sleeper,1793
B0194,C036,R030,25-12-2022,13-01-2023,1,2.1,Jimmy Lane,>60,Non-Binary,Jessestad,AC Sleeper,Crossside,Jillianview,796,18.0,AC Semi-Sleeper,1493
B0195,C076,R021,17-09-2022,30-09-2022,3,3.2,Tyler Shepherd,18–25,Non-Binary,Evanburgh,AC Sleeper,Goldenview,New Marissashire,110,14.6,Non-AC Sleeper,1471
B0196,C065,R028,06-06-2024,14-06-2024,2,4.4,Robin Martinez,<18,Non-Binary,Mcdanielside,AC Sleeper,Nguyenstad,Lake Samuelfurt,480,13.1,AC Sleeper,1178
B0197,C077,R019,29-01-2024,12-02-2024,2,1.1,Jennifer Vaughn,>60,Non-Binary,West Danny,Non-AC Seater,Pooleburgh,West Eric,933,12.0,AC Sleeper,1921
B0198,C061,R010,31-07-2022,06-08-2022,4,1.0,Crystal Hendrix,>60,Male,Lake Travisview,Non-AC Sleeper,North Maryport,East Mark,804,2.5,AC Semi-Sleeper,1878
B0199,C052,R026,24-07-2022,30-07-2022,4,2.1,Kyle Stewart,26–40,Non-Binary,Jeffreybury,AC Sleeper,Walterfort,Port Johnland,636,7.4,Non-AC Seater,1765
B0200,C007,R035,11-03-2023,13-03-2023,1,2.9,Elizabeth Simpson,41–60,Male,Brianland,Non-AC Sleeper,New Justin,Ronniemouth,933,5.5,AC Semi-Sleeper,454
B0201,C100,R050,23-12-2022,15-01-2023,1,4.5,Helen Price,41–60,Male,Martinezview,AC Sleeper,Vincentview,South Corystad,347,14.8,Non-AC Sleeper,725
B0202,C070,R009,01-05-2023,13-05-2023,2,3.8,April Ramsey,26–40,Non-Binary,North Hectorfurt,AC Semi-Sleeper,Kennedyborough,Jonesshire,1265,19.5,AC Sleeper,805
B0203,C025,R048,22-07-2023,26-07-2023,4,4.3,Brittany Casey,26–40,Female,West Benjaminland,Non-AC Seater,North Mistyberg,Moorestad,472,16.1,Non-AC Sleeper,1793
B0204,C009,R047,19-10-2023,10-11-2023,2,3.2,Jonathan Lynn,>60,Male,Angelicaview,Non-AC Sleeper,Benjaminstad,West Annaland,662,11.7,Non-AC Seater,856
B0205,C070,R040,01-10-2022,03-10-2022,2,2.1,April Ramsey,26–40,Non-Binary,North Hectorfurt,AC Semi-Sleeper,Gallowayport,South Francisco,1156,19.4,Non-AC Seater,1985
B0206,C028,R001,07-03-2024,19-03-2024,5,2.6,Amber Banks,26–40,Non-Binary,Staceyburgh,Non-AC Sleeper,Pettymouth,West Joelborough,749,5.4,AC Sleeper,1616
B0207,C034,R004,11-10-2024,15-10-2024,3,4.6,Jose Torres,<18,Male,South Sarahstad,Non-AC Seater,North Rebeccafort,Deborahfurt,232,12.2,Non-AC Seater,1806
B0208,C029,R004,06-03-2024,15-03-2024,5,2.0,Richard Johnson,<18,Non-Binary,Normachester,Non-AC Sleeper,North Rebeccafort,Deborahfurt,232,12.2,Non-AC Seater,1806
B0209,C086,R047,26-09-2022,11-10-2022,4,4.0,William Mathews,26–40,Male,New Kimberly,AC Semi-Sleeper,Benjaminstad,West Annaland,662,11.7,Non-AC Seater,856
B0210,C042,R035,10-04-2022,05-05-2022,1,4.4,Faith Henderson,<18,Female,Davidfurt,AC Semi-Sleeper,New Justin,Ronniemouth,933,5.5,AC Semi-Sleeper,454
B0211,C012,R026,12-04-2023,19-04-2023,5,1.7,Mr. Dennis Riley,<18,Non-Binary,East Ashley,AC Sleeper,Walterfort,Port Johnland,636,7.4,Non-AC Seater,1765
B0212,C058,R019,29-03-2024,21-04-2024,5,3.9,Sabrina Moody,<18,Female,Davidmouth,AC Sleeper,Pooleburgh,West Eric,933,12.0,AC Sleeper,1921
B0213,C014,R035,16-11-2022,01-12-2022,4,2.5,Matthew Randall,26–40,Male,South Robert,AC Semi-Sleeper,New Justin,Ronniemouth,933,5.5,AC Semi-Sleeper,454
B0214,C058,R031,08-07-2024,30-07-2024,4,4.2,Sabrina Moody,<18,Female,Davidmouth,AC Sleeper,West Jeffrey,South Kim,73,9.6,Non-AC Seater,1264
B0215,C028,R003,19-11-2022,03-12-2022,5,3.3,Amber Banks,26–40,Non-Binary,Staceyburgh,Non-AC Sleeper,Madisonberg,South Danny,1172,4.3,Non-AC Sleeper,1112
B0216,C004,R008,14-06-2024,15-06-2024,2,1.0,Kathryn Mueller,41–60,Non-Binary,New Melissa,AC Sleeper,East Jimburgh,Wendystad,844,11.1,AC Sleeper,1392
B0217,C077,R004,26-09-2022,10-10-2022,4,4.2,Jennifer Vaughn,>60,Non-Binary,West Danny,Non-AC Seater,North Rebeccafort,Deborahfurt,232,12.2,Non-AC Seater,1806
B0218,C071,R001,15-04-2023,04-05-2023,2,2.5,Andrew Clements,18–25,Female,Andrewview,AC Sleeper,Pettymouth,West Joelborough,749,5.4,AC Sleeper,1616
B0219,C039,R005,11-02-2024,13-02-2024,5,1.5,Michael Potts,<18,Female,Payneshire,AC Semi-Sleeper,East Courtney,Port Jeffery,305,1.5,Non-AC Seater,1982
B0220,C051,R019,10-06-2022,17-06-2022,1,2.5,Jacob Jones,26–40,Non-Binary,Cynthiaport,Non-AC Sleeper,Pooleburgh,West Eric,933,12.0,AC Sleeper,1921
B0221,C073,R044,23-07-2024,18-08-2024,1,3.4,Lauren Monroe,41–60,Male,Ashleyborough,Non-AC Sleeper,Newmanside,Lake Jamesburgh,760,18.8,AC Semi-Sleeper,1319
B0222,C048,R038,10-05-2022,12-05-2022,5,1.1,Selena Cook,>60,Non-Binary,East Chelsea,AC Semi-Sleeper,Mccoystad,Westberg,1087,5.0,Non-AC Seater,360
B0223,C005,R025,11-11-2023,02-12-2023,4,1.5,Riley Mitchell,18–25,Female,Perrystad,Non-AC Seater,Lake Jason,East Madison,618,12.5,AC Semi-Sleeper,891
B0224,C087,R002,21-09-2024,26-09-2024,1,2.6,Sean Bennett,>60,Male,Brittanymouth,Non-AC Sleeper,Port Johnton,North Jonathan,1092,11.9,Non-AC Seater,967
B0225,C004,R017,22-11-2022,23-11-2022,4,3.1,Kathryn Mueller,41–60,Non-Binary,New Melissa,AC Sleeper,Port Jessica,Port Emily,435,11.4,AC Semi-Sleeper,907
B0226,C089,R027,21-07-2024,16-08-2024,5,2.2,Melanie Ramirez,<18,Female,Cookefort,Non-AC Seater,Brooksshire,Douglasmouth,478,20.8,AC Sleeper,998
B0227,C071,R018,10-10-2024,15-10-2024,2,1.9,Andrew Clements,18–25,Female,Andrewview,AC Sleeper,Port Stacy,Port Nicoleville,487,8.4,AC Sleeper,1199
B0228,C038,R025,30-09-2022,04-10-2022,1,2.8,Nathan Henderson Jr.,26–40,Female,Lake Kimberlyborough,Non-AC Sleeper,Lake Jason,East Madison,618,12.5,AC Semi-Sleeper,891
B0229,C062,R032,12-06-2022,08-07-2022,4,3.7,Nicholas Rivera,<18,Non-Binary,West Aaron,AC Sleeper,Langland,Whitneyhaven,1201,7.6,AC Sleeper,1024
B0230,C013,R047,30-12-2021,07-01-2022,1,3.5,Thomas Wang,26–40,Non-Binary,Port Matthewmouth,Non-AC Seater,Benjaminstad,West Annaland,662,11.7,Non-AC Seater,856
B0231,C040,R041,06-08-2023,17-08-2023,2,3.1,John Jensen,>60,Female,Alexisshire,Non-AC Sleeper,East Marymouth,East Ethan,96,14.7,Non-AC Sleeper,1822
B0232,C056,R021,07-12-2022,17-12-2022,5,3.8,Susan Bryan,>60,Female,Byrdville,AC Semi-Sleeper,Goldenview,New Marissashire,110,14.6,Non-AC Sleeper,1471
B0233,C004,R022,06-01-2024,18-01-2024,2,3.9,Kathryn Mueller,41–60,Non-Binary,New Melissa,AC Sleeper,Garyton,North Kellyland,1463,15.2,Non-AC Seater,1517
B0234,C020,R011,17-03-2023,26-03-2023,1,2.1,Jenna Taylor,<18,Female,Michaelton,Non-AC Sleeper,Port Stephenland,South Micheleside,1116,20.5,AC Semi-Sleeper,950
B0235,C053,R023,22-10-2023,03-11-2023,1,4.9,Charles Allen,<18,Female,Lake Amanda,AC Sleeper,West Lisaport,Jessicaview,865,17.7,AC Sleeper,835
B0236,C055,R016,20-01-2022,08-02-2022,5,4.0,Laura Ramirez,>60,Female,East Kathleenside,AC Sleeper,Williamside,West Leslie,1408,19.8,Non-AC Seater,1653
B0237,C009,R050,11-03-2023,06-04-2023,5,3.0,Jonathan Lynn,>60,Male,Angelicaview,Non-AC Sleeper,Vincentview,South Corystad,347,14.8,Non-AC Sleeper,725
B0238,C027,R014,09-10-2024,14-10-2024,5,4.6,Jill Barrera,18–25,Non-Binary,South Kevin,AC Sleeper,New Robert,Lake Cynthiamouth,1498,13.8,Non-AC Sleeper,316
B0239,C070,R012,28-06-2022,09-07-2022,1,1.4,April Ramsey,26–40,Non-Binary,North Hectorfurt,AC Semi-Sleeper,Brownbury,Lake Holly,1269,23.5,Non-AC Sleeper,1543
B0240,C019,R007,16-04-2022,13-05-2022,3,1.5,Kaitlyn Snow,26–40,Non-Binary,Danielport,AC Sleeper,Douglasshire,Port James,1138,6.5,AC Sleeper,504
B0241,C043,R040,10-04-2024,24-04-2024,4,2.7,Vincent Brown,41–60,Non-Binary,Jordanshire,AC Sleeper,Gallowayport,South Francisco,1156,19.4,Non-AC Seater,1985
B0242,C025,R041,31-08-2024,21-09-2024,3,4.8,Brittany Casey,26–40,Female,West Benjaminland,Non-AC Seater,East Marymouth,East Ethan,96,14.7,Non-AC Sleeper,1822
B0243,C034,R030,03-06-2022,28-06-2022,5,3.8,Jose Torres,<18,Male,South Sarahstad,Non-AC Seater,Crossside,Jillianview,796,18.0,AC Semi-Sleeper,1493
B0244,C099,R012,15-01-2023,09-02-2023,2,4.0,Mrs. Anna Jordan,>60,Female,East Davidmouth,Non-AC Seater,Brownbury,Lake Holly,1269,23.5,Non-AC Sleeper,1543
B0245,C012,R020,09-05-2022,31-05-2022,3,3.8,Mr. Dennis Riley,<18,Non-Binary,East Ashley,AC Sleeper,South Justinhaven,Port Markville,528,13.0,AC Sleeper,655
B0246,C091,R019,27-04-2024,24-05-2024,4,4.5,Kathryn Mcknight,18–25,Female,Port Meghan,Non-AC Sleeper,Pooleburgh,West Eric,933,12.0,AC Sleeper,1921
B0247,C046,R045,30-05-2022,21-06-2022,2,4.6,Elizabeth Clark,41–60,Non-Binary,Coreystad,Non-AC Sleeper,East Kathy,East Tyler,1168,5.8,Non-AC Seater,416
B0248,C025,R049,06-07-2023,22-07-2023,2,1.5,Brittany Casey,26–40,Female,West Benjaminland,Non-AC Seater,West Trevor,North Tammyfort,836,19.7,AC Sleeper,551
B0249,C092,R042,01-03-2022,30-03-2022,2,1.2,Jason George,18–25,Non-Binary,Hallshire,AC Semi-Sleeper,Lake Michael,Jessicabury,1012,18.2,AC Semi-Sleeper,1531
B0250,C015,R022,08-02-2023,22-02-2023,1,3.6,Joseph Anderson,>60,Non-Binary,Elizabethland,Non-AC Sleeper,Garyton,North Kellyland,1463,15.2,Non-AC Seater,1517
B0251,C069,R050,28-10-2023,10-11-2023,3,1.7,Jason Fitzpatrick,<18,Male,South Kelseyville,AC Sleeper,Vincentview,South Corystad,347,14.8,Non-AC Sleeper,725
B0252,C028,R006,27-06-2022,05-07-2022,4,1.3,Amber Banks,26–40,Non-Binary,Staceyburgh,Non-AC Sleeper,New Jamieland,Markberg,1440,3.8,AC Sleeper,1421
B0253,C049,R046,10-09-2024,17-09-2024,4,3.3,Kenneth Morse,26–40,Non-Binary,Raymondview,Non-AC Seater,Williamsville,Mcdowellburgh,140,14.4,Non-AC Seater,1542
B0254,C054,R050,23-10-2022,17-11-2022,2,1.1,Robert Ibarra,<18,Non-Binary,Jonathanport,Non-AC Sleeper,Vincentview,South Corystad,347,14.8,Non-AC Sleeper,725
B0255,C034,R042,20-05-2024,18-06-2024,1,2.2,Jose Torres,<18,Male,South Sarahstad,Non-AC Seater,Lake Michael,Jessicabury,1012,18.2,AC Semi-Sleeper,1531
B0256,C011,R009,01-11-2022,18-11-2022,1,5.0,Jessica Chandler,<18,Female,Durhambury,AC Sleeper,Kennedyborough,Jonesshire,1265,19.5,AC Sleeper,805
B0257,C006,R014,26-05-2024,22-06-2024,2,1.8,Cynthia Norman,41–60,Non-Binary,Mendeztown,Non-AC Sleeper,New Robert,Lake Cynthiamouth,1498,13.8,Non-AC Sleeper,316
B0258,C016,R047,15-01-2024,30-01-2024,4,2.4,Nicole Atkinson,>60,Female,West Gregg,AC Sleeper,Benjaminstad,West Annaland,662,11.7,Non-AC Seater,856
B0259,C001,R020,16-02-2024,20-02-2024,4,4.9,Ashley Hooper,26–40,Non-Binary,Annchester,AC Sleeper,South Justinhaven,Port Markville,528,13.0,AC Sleeper,655
B0260,C027,R013,07-08-2023,18-08-2023,3,3.7,Jill Barrera,18–25,Non-Binary,South Kevin,AC Sleeper,Gilberttown,Kaylachester,477,2.6,AC Semi-Sleeper,1240
B0261,C026,R015,03-12-2024,15-12-2024,3,4.9,Stephanie Williams,>60,Male,West Bradley,Non-AC Sleeper,Douglaschester,Lawrenceberg,1374,21.5,AC Semi-Sleeper,844
B0262,C053,R046,12-10-2022,11-11-2022,4,4.5,Charles Allen,<18,Female,Lake Amanda,AC Sleeper,Williamsville,Mcdowellburgh,140,14.4,Non-AC Seater,1542
B0263,C072,R049,05-12-2022,30-12-2022,3,2.1,James Aguirre,18–25,Non-Binary,East Marie,AC Semi-Sleeper,West Trevor,North Tammyfort,836,19.7,AC Sleeper,551
B0264,C026,R009,08-02-2022,27-02-2022,1,2.9,Stephanie Williams,>60,Male,West Bradley,Non-AC Sleeper,Kennedyborough,Jonesshire,1265,19.5,AC Sleeper,805
B0265,C047,R040,23-03-2024,31-03-2024,4,4.5,Todd Chung,>60,Non-Binary,West Jonathan,AC Semi-Sleeper,Gallowayport,South Francisco,1156,19.4,Non-AC Seater,1985
B0266,C045,R025,06-02-2022,12-02-2022,5,4.8,Chelsey Wagner,18–25,Female,New Leslie,Non-AC Sleeper,Lake Jason,East Madison,618,12.5,AC Semi-Sleeper,891
B0267,C046,R010,13-07-2024,23-07-2024,1,1.8,Elizabeth Clark,41–60,Non-Binary,Coreystad,Non-AC Sleeper,North Maryport,East Mark,804,2.5,AC Semi-Sleeper,1878
B0268,C034,R032,22-12-2023,21-01-2024,2,1.8,Jose Torres,<18,Male,South Sarahstad,Non-AC Seater,Langland,Whitneyhaven,1201,7.6,AC Sleeper,1024
B0269,C065,R032,01-03-2023,30-03-2023,4,4.7,Robin Martinez,<18,Non-Binary,Mcdanielside,AC Sleeper,Langland,Whitneyhaven,1201,7.6,AC Sleeper,1024
B0270,C066,R048,04-11-2024,11-11-2024,4,1.8,Robert Odonnell,18–25,Female,South Gregorystad,AC Sleeper,North Mistyberg,Moorestad,472,16.1,Non-AC Sleeper,1793
B0271,C065,R024,25-05-2022,06-06-2022,2,3.3,Robin Martinez,<18,Non-Binary,Mcdanielside,AC Sleeper,South Richard,New Brandonmouth,742,15.7,AC Semi-Sleeper,1141
B0272,C008,R037,20-04-2022,03-05-2022,2,3.3,Jonathan Schwartz,18–25,Female,Kimberlystad,Non-AC Sleeper,Laurenbury,Dylanton,896,6.7,Non-AC Sleeper,951
B0273,C091,R046,13-11-2022,10-12-2022,3,2.5,Kathryn Mcknight,18–25,Female,Port Meghan,Non-AC Sleeper,Williamsville,Mcdowellburgh,140,14.4,Non-AC Seater,1542
B0274,C032,R027,20-04-2024,13-05-2024,3,3.8,Katherine Gallagher DDS,18–25,Non-Binary,Josephport,Non-AC Sleeper,Brooksshire,Douglasmouth,478,20.8,AC Sleeper,998
B0275,C072,R050,09-08-2024,24-08-2024,3,2.3,James Aguirre,18–25,Non-Binary,East Marie,AC Semi-Sleeper,Vincentview,South Corystad,347,14.8,Non-AC Sleeper,725
B0276,C099,R033,12-07-2022,18-07-2022,5,4.4,Mrs. Anna Jordan,>60,Female,East Davidmouth,Non-AC Seater,North Deborah,Lake Jacobfort,337,6.4,Non-AC Sleeper,1288
B0277,C011,R042,25-02-2023,28-02-2023,4,1.2,Jessica Chandler,<18,Female,Durhambury,AC Sleeper,Lake Michael,Jessicabury,1012,18.2,AC Semi-Sleeper,1531
B0278,C008,R013,10-03-2022,16-03-2022,4,3.4,Jonathan Schwartz,18–25,Female,Kimberlystad,Non-AC Sleeper,Gilberttown,Kaylachester,477,2.6,AC Semi-Sleeper,1240
B0279,C064,R016,20-11-2024,07-12-2024,1,1.9,Crystal Fisher,<18,Male,Chapmanborough,Non-AC Seater,Williamside,West Leslie,1408,19.8,Non-AC Seater,1653
B0280,C089,R031,04-07-2023,18-07-2023,1,2.9,Melanie Ramirez,<18,Female,Cookefort,Non-AC Seater,West Jeffrey,South Kim,73,9.6,Non-AC Seater,1264
B0281,C015,R007,09-08-2023,01-09-2023,1,2.5,Joseph Anderson,>60,Non-Binary,Elizabethland,Non-AC Sleeper,Douglasshire,Port James,1138,6.5,AC Sleeper,504
B0282,C068,R004,20-05-2023,07-06-2023,4,1.2,Stephanie Gutierrez,<18,Female,Turnerview,AC Semi-Sleeper,North Rebeccafort,Deborahfurt,232,12.2,Non-AC Seater,1806
B0283,C066,R023,23-10-2022,26-10-2022,2,2.4,Robert Odonnell,18–25,Female,South Gregorystad,AC Sleeper,West Lisaport,Jessicaview,865,17.7,AC Sleeper,835
B0284,C014,R023,03-06-2024,18-06-2024,4,4.2,Matthew Randall,26–40,Male,South Robert,AC Semi-Sleeper,West Lisaport,Jessicaview,865,17.7,AC Sleeper,835
B0285,C057,R039,22-10-2022,30-10-2022,5,3.2,James Nguyen,41–60,Non-Binary,East Steven,Non-AC Sleeper,Terrichester,Youngmouth,107,6.4,Non-AC Sleeper,976
B0286,C069,R028,03-06-2022,14-06-2022,5,2.3,Jason Fitzpatrick,<18,Male,South Kelseyville,AC Sleeper,Nguyenstad,Lake Samuelfurt,480,13.1,AC Sleeper,1178
B0287,C027,R046,18-08-2024,31-08-2024,1,2.1,Jill Barrera,18–25,Non-Binary,South Kevin,AC Sleeper,Williamsville,Mcdowellburgh,140,14.4,Non-AC Seater,1542
B0288,C010,R009,30-01-2022,02-02-2022,5,4.9,Kaitlyn Sullivan,41–60,Male,South Eric,AC Semi-Sleeper,Kennedyborough,Jonesshire,1265,19.5,AC Sleeper,805
B0289,C099,R012,15-03-2024,30-03-2024,5,1.3,Mrs. Anna Jordan,>60,Female,East Davidmouth,Non-AC Seater,Brownbury,Lake Holly,1269,23.5,Non-AC Sleeper,1543
B0290,C015,R020,10-10-2024,16-10-2024,3,2.1,Joseph Anderson,>60,Non-Binary,Elizabethland,Non-AC Sleeper,South Justinhaven,Port Markville,528,13.0,AC Sleeper,655
B0291,C076,R048,23-01-2023,25-01-2023,5,3.9,Tyler Shepherd,18–25,Non-Binary,Evanburgh,AC Sleeper,North Mistyberg,Moorestad,472,16.1,Non-AC Sleeper,1793
B0292,C061,R025,27-11-2022,22-12-2022,1,4.5,Crystal Hendrix,>60,Male,Lake Travisview,Non-AC Sleeper,Lake Jason,East Madison,618,12.5,AC Semi-Sleeper,891
B0293,C003,R033,23-03-2024,04-04-2024,5,3.4,Rebecca Rios,<18,Male,New Lee,Non-AC Sleeper,North Deborah,Lake Jacobfort,337,6.4,Non-AC Sleeper,1288
B0294,C038,R022,09-01-2023,26-01-2023,2,4.8,Nathan Henderson Jr.,26–40,Female,Lake Kimberlyborough,Non-AC Sleeper,Garyton,North Kellyland,1463,15.2,Non-AC Seater,1517
B0295,C026,R007,31-12-2022,20-01-2023,2,2.9,Stephanie Williams,>60,Male,West Bradley,Non-AC Sleeper,Douglasshire,Port James,1138,6.5,AC Sleeper,504
B0296,C041,R018,31-01-2024,12-02-2024,2,2.1,Caroline Williams,26–40,Male,Francoberg,Non-AC Sleeper,Port Stacy,Port Nicoleville,487,8.4,AC Sleeper,1199
B0297,C030,R045,11-02-2022,19-02-2022,1,1.6,Shane Davidson,18–25,Non-Binary,South Jamesside,AC Sleeper,East Kathy,East Tyler,1168,5.8,Non-AC Seater,416
B0298,C028,R034,10-11-2024,07-12-2024,4,3.8,Amber Banks,26–40,Non-Binary,Staceyburgh,Non-AC Sleeper,New Jeremy,North Lisabury,919,11.6,Non-AC Sleeper,1177
B0299,C075,R015,13-05-2024,03-06-2024,4,4.4,Robert Weaver,>60,Male,Port Amanda,Non-AC Seater,Douglaschester,Lawrenceberg,1374,21.5,AC Semi-Sleeper,844
B0300,C083,R029,13-02-2023,05-03-2023,3,2.5,Gabriel Lopez,>60,Male,North Tinaborough,AC Semi-Sleeper,Ramireztown,Evelynland,1235,8.2,Non-AC Seater,443
B0301,C040,R019,20-10-2024,26-10-2024,4,1.2,John Jensen,>60,Female,Alexisshire,Non-AC Sleeper,Pooleburgh,West Eric,933,12.0,AC Sleeper,1921
B0302,C058,R004,05-08-2022,22-08-2022,2,4.1,Sabrina Moody,<18,Female,Davidmouth,AC Sleeper,North Rebeccafort,Deborahfurt,232,12.2,Non-AC Seater,1806
B0303,C017,R016,20-06-2024,06-07-2024,5,1.7,Lori Rogers,>60,Female,West Colleentown,AC Semi-Sleeper,Williamside,West Leslie,1408,19.8,Non-AC Seater,1653
B0304,C038,R039,14-11-2022,04-12-2022,4,4.3,Nathan Henderson Jr.,26–40,Female,Lake Kimberlyborough,Non-AC Sleeper,Terrichester,Youngmouth,107,6.4,Non-AC Sleeper,976
B0305,C005,R028,02-10-2024,18-10-2024,3,1.7,Riley Mitchell,18–25,Female,Perrystad,Non-AC Seater,Nguyenstad,Lake Samuelfurt,480,13.1,AC Sleeper,1178
B0306,C049,R043,22-06-2024,22-07-2024,2,1.4,Kenneth Morse,26–40,Non-Binary,Raymondview,Non-AC Seater,East Deanna,Nicolestad,125,4.0,AC Sleeper,1012
B0307,C054,R004,23-09-2023,20-10-2023,2,4.2,Robert Ibarra,<18,Non-Binary,Jonathanport,Non-AC Sleeper,North Rebeccafort,Deborahfurt,232,12.2,Non-AC Seater,1806
B0308,C022,R008,25-09-2023,04-10-2023,3,4.0,Jennifer Baker,18–25,Non-Binary,Port Michelle,Non-AC Sleeper,East Jimburgh,Wendystad,844,11.1,AC Sleeper,1392
B0309,C018,R035,17-03-2022,18-03-2022,2,2.4,Mrs. April Carey,26–40,Non-Binary,Port Mitchell,Non-AC Sleeper,New Justin,Ronniemouth,933,5.5,AC Semi-Sleeper,454
B0310,C077,R002,02-12-2023,09-12-2023,2,2.4,Jennifer Vaughn,>60,Non-Binary,West Danny,Non-AC Seater,Port Johnton,North Jonathan,1092,11.9,Non-AC Seater,967
B0311,C047,R039,29-02-2024,12-03-2024,2,3.0,Todd Chung,>60,Non-Binary,West Jonathan,AC Semi-Sleeper,Terrichester,Youngmouth,107,6.4,Non-AC Sleeper,976
B0312,C024,R010,16-02-2022,11-03-2022,4,1.8,Mallory Lopez,>60,Male,Carterborough,AC Semi-Sleeper,North Maryport,East Mark,804,2.5,AC Semi-Sleeper,1878
B0313,C074,R031,16-04-2022,19-04-2022,4,4.7,Heather Jones,26–40,Female,South Kathrynville,Non-AC Sleeper,West Jeffrey,South Kim,73,9.6,Non-AC Seater,1264
B0314,C093,R009,04-06-2023,09-06-2023,2,1.1,Samantha Osborne,18–25,Female,Calebfort,Non-AC Sleeper,Kennedyborough,Jonesshire,1265,19.5,AC Sleeper,805
B0315,C050,R020,16-07-2024,30-07-2024,4,3.8,John Smith,>60,Non-Binary,Phelpshaven,Non-AC Seater,South Justinhaven,Port Markville,528,13.0,AC Sleeper,655
B0316,C096,R023,08-05-2024,23-05-2024,3,1.1,Kathy Shah,18–25,Non-Binary,Lake Stephanie,Non-AC Seater,West Lisaport,Jessicaview,865,17.7,AC Sleeper,835
B0317,C001,R046,29-08-2024,21-09-2024,5,2.0,Ashley Hooper,26–40,Non-Binary,Annchester,AC Sleeper,Williamsville,Mcdowellburgh,140,14.4,Non-AC Seater,1542
B0318,C046,R007,04-09-2024,04-10-2024,5,4.7,Elizabeth Clark,41–60,Non-Binary,Coreystad,Non-AC Sleeper,Douglasshire,Port James,1138,6.5,AC Sleeper,504
B0319,C079,R003,27-01-2023,12-02-2023,5,3.6,Charles Romero,<18,Non-Binary,Maychester,AC Sleeper,Madisonberg,South Danny,1172,4.3,Non-AC Sleeper,1112
B0320,C007,R002,05-09-2023,13-09-2023,5,4.0,Elizabeth Simpson,41–60,Male,Brianland,Non-AC Sleeper,Port Johnton,North Jonathan,1092,11.9,Non-AC Seater,967
B0321,C039,R030,19-01-2022,15-02-2022,5,3.6,Michael Potts,<18,Female,Payneshire,AC Semi-Sleeper,Crossside,Jillianview,796,18.0,AC Semi-Sleeper,1493
B0322,C068,R040,19-05-2024,09-06-2024,5,2.3,Stephanie Gutierrez,<18,Female,Turnerview,AC Semi-Sleeper,Gallowayport,South Francisco,1156,19.4,Non-AC Seater,1985
B0323,C050,R041,02-08-2024,09-08-2024,1,1.1,John Smith,>60,Non-Binary,Phelpshaven,Non-AC Seater,East Marymouth,East Ethan,96,14.7,Non-AC Sleeper,1822
B0324,C057,R037,13-04-2023,17-04-2023,1,3.1,James Nguyen,41–60,Non-Binary,East Steven,Non-AC Sleeper,Laurenbury,Dylanton,896,6.7,Non-AC Sleeper,951
B0325,C023,R036,11-11-2022,24-11-2022,3,2.1,David Perez,>60,Non-Binary,South Katherine,AC Sleeper,Stanleyborough,Herreraberg,855,23.9,AC Semi-Sleeper,350
B0326,C004,R003,29-01-2022,15-02-2022,3,3.3,Kathryn Mueller,41–60,Non-Binary,New Melissa,AC Sleeper,Madisonberg,South Danny,1172,4.3,Non-AC Sleeper,1112
B0327,C050,R047,21-05-2024,14-06-2024,5,2.1,John Smith,>60,Non-Binary,Phelpshaven,Non-AC Seater,Benjaminstad,West Annaland,662,11.7,Non-AC Seater,856
B0328,C049,R020,19-06-2022,19-07-2022,2,2.7,Kenneth Morse,26–40,Non-Binary,Raymondview,Non-AC Seater,South Justinhaven,Port Markville,528,13.0,AC Sleeper,655
B0329,C029,R019,13-11-2022,19-11-2022,4,3.2,Richard Johnson,<18,Non-Binary,Normachester,Non-AC Sleeper,Pooleburgh,West Eric,933,12.0,AC Sleeper,1921
B0330,C066,R013,30-10-2024,28-11-2024,5,4.0,Robert Odonnell,18–25,Female,South Gregorystad,AC Sleeper,Gilberttown,Kaylachester,477,2.6,AC Semi-Sleeper,1240
B0331,C075,R034,09-02-2023,28-02-2023,5,2.6,Robert Weaver,>60,Male,Port Amanda,Non-AC Seater,New Jeremy,North Lisabury,919,11.6,Non-AC Sleeper,1177
B0332,C049,R014,22-09-2024,10-10-2024,3,3.6,Kenneth Morse,26–40,Non-Binary,Raymondview,Non-AC Seater,New Robert,Lake Cynthiamouth,1498,13.8,Non-AC Sleeper,316
B0333,C042,R007,30-06-2023,07-07-2023,4,3.5,Faith Henderson,<18,Female,Davidfurt,AC Semi-Sleeper,Douglasshire,Port James,1138,6.5,AC Sleeper,504
B0334,C051,R023,04-11-2024,08-11-2024,4,2.5,Jacob Jones,26–40,Non-Binary,Cynthiaport,Non-AC Sleeper,West Lisaport,Jessicaview,865,17.7,AC Sleeper,835
B0335,C018,R036,27-02-2022,02-03-2022,2,4.8,Mrs. April Carey,26–40,Non-Binary,Port Mitchell,Non-AC Sleeper,Stanleyborough,Herreraberg,855,23.9,AC Semi-Sleeper,350
B0336,C013,R033,17-07-2024,28-07-2024,2,4.6,Thomas Wang,26–40,Non-Binary,Port Matthewmouth,Non-AC Seater,North Deborah,Lake Jacobfort,337,6.4,Non-AC Sleeper,1288
B0337,C034,R021,15-01-2023,03-02-2023,1,4.2,Jose Torres,<18,Male,South Sarahstad,Non-AC Seater,Goldenview,New Marissashire,110,14.6,Non-AC Sleeper,1471
B0338,C012,R002,25-06-2024,28-06-2024,2,2.7,Mr. Dennis Riley,<18,Non-Binary,East Ashley,AC Sleeper,Port Johnton,North Jonathan,1092,11.9,Non-AC Seater,967
B0339,C037,R028,04-07-2024,25-07-2024,3,1.0,James Blanchard,18–25,Female,Beardburgh,Non-AC Seater,Nguyenstad,Lake Samuelfurt,480,13.1,AC Sleeper,1178
B0340,C086,R027,16-08-2022,29-08-2022,1,3.2,William Mathews,26–40,Male,New Kimberly,AC Semi-Sleeper,Brooksshire,Douglasmouth,478,20.8,AC Sleeper,998
B0341,C006,R014,04-10-2023,14-10-2023,4,1.4,Cynthia Norman,41–60,Non-Binary,Mendeztown,Non-AC Sleeper,New Robert,Lake Cynthiamouth,1498,13.8,Non-AC Sleeper,316
B0342,C009,R013,24-09-2022,26-09-2022,2,4.4,Jonathan Lynn,>60,Male,Angelicaview,Non-AC Sleeper,Gilberttown,Kaylachester,477,2.6,AC Semi-Sleeper,1240
B0343,C042,R047,15-03-2022,04-04-2022,5,3.5,Faith Henderson,<18,Female,Davidfurt,AC Semi-Sleeper,Benjaminstad,West Annaland,662,11.7,Non-AC Seater,856
B0344,C018,R028,18-06-2022,09-07-2022,2,2.2,Mrs. April Carey,26–40,Non-Binary,Port Mitchell,Non-AC Sleeper,Nguyenstad,Lake Samuelfurt,480,13.1,AC Sleeper,1178
B0345,C081,R028,16-05-2023,27-05-2023,5,3.9,Marissa Jimenez DDS,41–60,Female,Port Angie,AC Sleeper,Nguyenstad,Lake Samuelfurt,480,13.1,AC Sleeper,1178
B0346,C006,R028,04-08-2024,11-08-2024,5,1.4,Cynthia Norman,41–60,Non-Binary,Mendeztown,Non-AC Sleeper,Nguyenstad,Lake Samuelfurt,480,13.1,AC Sleeper,1178
B0347,C058,R040,14-08-2024,15-08-2024,1,2.0,Sabrina Moody,<18,Female,Davidmouth,AC Sleeper,Gallowayport,South Francisco,1156,19.4,Non-AC Seater,1985
B0348,C069,R003,14-08-2023,11-09-2023,4,1.8,Jason Fitzpatrick,<18,Male,South Kelseyville,AC Sleeper,Madisonberg,South Danny,1172,4.3,Non-AC Sleeper,1112
B0349,C099,R006,25-12-2023,06-01-2024,4,3.6,Mrs. Anna Jordan,>60,Female,East Davidmouth,Non-AC Seater,New Jamieland,Markberg,1440,3.8,AC Sleeper,1421
B0350,C042,R043,24-10-2023,21-11-2023,1,2.9,Faith Henderson,<18,Female,Davidfurt,AC Semi-Sleeper,East Deanna,Nicolestad,125,4.0,AC Sleeper,1012
B0351,C027,R037,21-11-2024,21-12-2024,1,3.3,Jill Barrera,18–25,Non-Binary,South Kevin,AC Sleeper,Laurenbury,Dylanton,896,6.7,Non-AC Sleeper,951
B0352,C095,R012,29-04-2022,29-05-2022,5,1.3,Mary Burton,26–40,Non-Binary,East Deborahshire,Non-AC Sleeper,Brownbury,Lake Holly,1269,23.5,Non-AC Sleeper,1543
B0353,C036,R034,09-05-2022,24-05-2022,1,4.4,Jimmy Lane,>60,Non-Binary,Jessestad,AC Sleeper,New Jeremy,North Lisabury,919,11.6,Non-AC Sleeper,1177
B0354,C011,R005,18-08-2022,11-09-2022,4,2.5,Jessica Chandler,<18,Female,Durhambury,AC Sleeper,East Courtney,Port Jeffery,305,1.5,Non-AC Seater,1982
B0355,C056,R017,15-04-2022,22-04-2022,4,4.1,Susan Bryan,>60,Female,Byrdville,AC Semi-Sleeper,Port Jessica,Port Emily,435,11.4,AC Semi-Sleeper,907
B0356,C091,R038,14-08-2024,15-08-2024,4,3.5,Kathryn Mcknight,18–25,Female,Port Meghan,Non-AC Sleeper,Mccoystad,Westberg,1087,5.0,Non-AC Seater,360
B0357,C009,R014,09-03-2022,11-03-2022,4,4.5,Jonathan Lynn,>60,Male,Angelicaview,Non-AC Sleeper,New Robert,Lake Cynthiamouth,1498,13.8,Non-AC Sleeper,316
B0358,C071,R015,07-11-2023,17-11-2023,1,2.0,Andrew Clements,18–25,Female,Andrewview,AC Sleeper,Douglaschester,Lawrenceberg,1374,21.5,AC Semi-Sleeper,844
B0359,C050,R004,11-12-2024,12-12-2024,5,4.8,John Smith,>60,Non-Binary,Phelpshaven,Non-AC Seater,North Rebeccafort,Deborahfurt,232,12.2,Non-AC Seater,1806
B0360,C003,R007,26-05-2024,15-06-2024,3,3.5,Rebecca Rios,<18,Male,New Lee,Non-AC Sleeper,Douglasshire,Port James,1138,6.5,AC Sleeper,504
B0361,C093,R013,30-07-2022,22-08-2022,4,2.8,Samantha Osborne,18–25,Female,Calebfort,Non-AC Sleeper,Gilberttown,Kaylachester,477,2.6,AC Semi-Sleeper,1240
B0362,C063,R030,17-02-2024,21-02-2024,4,3.2,Alejandra Pitts,18–25,Male,North Angela,AC Sleeper,Crossside,Jillianview,796,18.0,AC Semi-Sleeper,1493
B0363,C030,R043,03-10-2024,01-11-2024,3,1.7,Shane Davidson,18–25,Non-Binary,South Jamesside,AC Sleeper,East Deanna,Nicolestad,125,4.0,AC Sleeper,1012
B0364,C083,R035,14-11-2024,23-11-2024,5,2.5,Gabriel Lopez,>60,Male,North Tinaborough,AC Semi-Sleeper,New Justin,Ronniemouth,933,5.5,AC Semi-Sleeper,454
B0365,C036,R023,19-01-2024,06-02-2024,1,4.3,Jimmy Lane,>60,Non-Binary,Jessestad,AC Sleeper,West Lisaport,Jessicaview,865,17.7,AC Sleeper,835
B0366,C055,R049,09-12-2024,13-12-2024,3,1.5,Laura Ramirez,>60,Female,East Kathleenside,AC Sleeper,West Trevor,North Tammyfort,836,19.7,AC Sleeper,551
B0367,C039,R044,13-01-2022,09-02-2022,4,4.7,Michael Potts,<18,Female,Payneshire,AC Semi-Sleeper,Newmanside,Lake Jamesburgh,760,18.8,AC Semi-Sleeper,1319
B0368,C080,R031,27-11-2024,04-12-2024,1,2.3,Leroy Williams,>60,Male,West Austinshire,Non-AC Sleeper,West Jeffrey,South Kim,73,9.6,Non-AC Seater,1264
B0369,C045,R016,08-09-2023,04-10-2023,4,2.0,Chelsey Wagner,18–25,Female,New Leslie,Non-AC Sleeper,Williamside,West Leslie,1408,19.8,Non-AC Seater,1653
B0370,C068,R019,07-10-2022,28-10-2022,3,4.9,Stephanie Gutierrez,<18,Female,Turnerview,AC Semi-Sleeper,Pooleburgh,West Eric,933,12.0,AC Sleeper,1921
B0371,C016,R044,16-03-2024,15-04-2024,2,3.4,Nicole Atkinson,>60,Female,West Gregg,AC Sleeper,Newmanside,Lake Jamesburgh,760,18.8,AC Semi-Sleeper,1319
B0372,C084,R035,01-05-2024,05-05-2024,5,1.8,Mark Lee,<18,Male,New Jacobton,AC Semi-Sleeper,New Justin,Ronniemouth,933,5.5,AC Semi-Sleeper,454
B0373,C065,R021,11-04-2023,07-05-2023,1,4.4,Robin Martinez,<18,Non-Binary,Mcdanielside,AC Sleeper,Goldenview,New Marissashire,110,14.6,Non-AC Sleeper,1471
B0374,C081,R045,25-04-2023,01-05-2023,2,3.0,Marissa Jimenez DDS,41–60,Female,Port Angie,AC Sleeper,East Kathy,East Tyler,1168,5.8,Non-AC Seater,416
B0375,C080,R050,30-01-2024,18-02-2024,1,4.5,Leroy Williams,>60,Male,West Austinshire,Non-AC Sleeper,Vincentview,South Corystad,347,14.8,Non-AC Sleeper,725
B0376,C062,R018,08-02-2023,21-02-2023,3,4.4,Nicholas Rivera,<18,Non-Binary,West Aaron,AC Sleeper,Port Stacy,Port Nicoleville,487,8.4,AC Sleeper,1199
B0377,C062,R034,24-08-2022,10-09-2022,4,2.7,Nicholas Rivera,<18,Non-Binary,West Aaron,AC Sleeper,New Jeremy,North Lisabury,919,11.6,Non-AC Sleeper,1177
B0378,C033,R039,22-06-2024,27-06-2024,4,4.5,Jocelyn Miller,41–60,Non-Binary,Lake Robin,Non-AC Seater,Terrichester,Youngmouth,107,6.4,Non-AC Sleeper,976
B0379,C005,R005,17-07-2022,28-07-2022,1,2.3,Riley Mitchell,18–25,Female,Perrystad,Non-AC Seater,East Courtney,Port Jeffery,305,1.5,Non-AC Seater,1982
B0380,C001,R045,21-04-2024,20-05-2024,3,1.8,Ashley Hooper,26–40,Non-Binary,Annchester,AC Sleeper,East Kathy,East Tyler,1168,5.8,Non-AC Seater,416
B0381,C080,R031,14-01-2024,05-02-2024,4,2.2,Leroy Williams,>60,Male,West Austinshire,Non-AC Sleeper,West Jeffrey,South Kim,73,9.6,Non-AC Seater,1264
B0382,C046,R001,27-02-2023,12-03-2023,1,1.7,Elizabeth Clark,41–60,Non-Binary,Coreystad,Non-AC Sleeper,Pettymouth,West Joelborough,749,5.4,AC Sleeper,1616
B0383,C054,R050,24-11-2022,19-12-2022,1,2.7,Robert Ibarra,<18,Non-Binary,Jonathanport,Non-AC Sleeper,Vincentview,South Corystad,347,14.8,Non-AC Sleeper,725
B0384,C052,R047,09-11-2024,11-11-2024,1,1.2,Kyle Stewart,26–40,Non-Binary,Jeffreybury,AC Sleeper,Benjaminstad,West Annaland,662,11.7,Non-AC Seater,856
B0385,C051,R008,01-08-2022,09-08-2022,3,1.2,Jacob Jones,26–40,Non-Binary,Cynthiaport,Non-AC Sleeper,East Jimburgh,Wendystad,844,11.1,AC Sleeper,1392
B0386,C061,R038,05-08-2022,25-08-2022,5,2.2,Crystal Hendrix,>60,Male,Lake Travisview,Non-AC Sleeper,Mccoystad,Westberg,1087,5.0,Non-AC Seater,360
B0387,C036,R043,20-07-2023,30-07-2023,3,2.4,Jimmy Lane,>60,Non-Binary,Jessestad,AC Sleeper,East Deanna,Nicolestad,125,4.0,AC Sleeper,1012
B0388,C015,R042,21-10-2022,31-10-2022,3,4.5,Joseph Anderson,>60,Non-Binary,Elizabethland,Non-AC Sleeper,Lake Michael,Jessicabury,1012,18.2,AC Semi-Sleeper,1531
B0389,C095,R020,29-08-2024,22-09-2024,3,2.0,Mary Burton,26–40,Non-Binary,East Deborahshire,Non-AC Sleeper,South Justinhaven,Port Markville,528,13.0,AC Sleeper,655
B0390,C095,R049,11-04-2022,16-04-2022,1,4.8,Mary Burton,26–40,Non-Binary,East Deborahshire,Non-AC Sleeper,West Trevor,North Tammyfort,836,19.7,AC Sleeper,551
B0391,C036,R049,12-06-2023,27-06-2023,3,2.8,Jimmy Lane,>60,Non-Binary,Jessestad,AC Sleeper,West Trevor,North Tammyfort,836,19.7,AC Sleeper,551
B0392,C083,R034,13-01-2022,01-02-2022,1,4.2,Gabriel Lopez,>60,Male,North Tinaborough,AC Semi-Sleeper,New Jeremy,North Lisabury,919,11.6,Non-AC Sleeper,1177
B0393,C026,R044,11-02-2022,18-02-2022,2,1.1,Stephanie Williams,>60,Male,West Bradley,Non-AC Sleeper,Newmanside,Lake Jamesburgh,760,18.8,AC Semi-Sleeper,1319
B0394,C045,R040,30-04-2022,13-05-2022,4,2.9,Chelsey Wagner,18–25,Female,New Leslie,Non-AC Sleeper,Gallowayport,South Francisco,1156,19.4,Non-AC Seater,1985
B0395,C028,R001,22-09-2022,18-10-2022,1,3.5,Amber Banks,26–40,Non-Binary,Staceyburgh,Non-AC Sleeper,Pettymouth,West Joelborough,749,5.4,AC Sleeper,1616
B0396,C078,R039,13-01-2022,26-01-2022,5,2.6,Tammy Martin PhD,41–60,Male,West Lindsayborough,Non-AC Seater,Terrichester,Youngmouth,107,6.4,Non-AC Sleeper,976
B0397,C044,R003,30-10-2024,13-11-2024,1,3.4,Paul Brown,>60,Male,New Brittanyburgh,Non-AC Sleeper,Madisonberg,South Danny,1172,4.3,Non-AC Sleeper,1112
B0398,C069,R038,11-03-2023,12-03-2023,2,3.4,Jason Fitzpatrick,<18,Male,South Kelseyville,AC Sleeper,Mccoystad,Westberg,1087,5.0,Non-AC Seater,360
B0399,C028,R046,26-11-2022,03-12-2022,2,3.6,Amber Banks,26–40,Non-Binary,Staceyburgh,Non-AC Sleeper,Williamsville,Mcdowellburgh,140,14.4,Non-AC Seater,1542
B0400,C011,R011,01-12-2022,24-12-2022,1,2.9,Jessica Chandler,<18,Female,Durhambury,AC Sleeper,Port Stephenland,South Micheleside,1116,20.5,AC Semi-Sleeper,950
B0401,C070,R015,09-09-2022,16-09-2022,5,4.7,April Ramsey,26–40,Non-Binary,North Hectorfurt,AC Semi-Sleeper,Douglaschester,Lawrenceberg,1374,21.5,AC Semi-Sleeper,844
B0402,C054,R044,05-12-2024,17-12-2024,5,3.8,Robert Ibarra,<18,Non-Binary,Jonathanport,Non-AC Sleeper,Newmanside,Lake Jamesburgh,760,18.8,AC Semi-Sleeper,1319
B0403,C035,R048,24-01-2023,19-02-2023,5,2.3,Sherry Huynh,>60,Non-Binary,Rodriguezhaven,AC Semi-Sleeper,North Mistyberg,Moorestad,472,16.1,Non-AC Sleeper,1793
B0404,C038,R034,25-01-2023,31-01-2023,5,4.2,Nathan Henderson Jr.,26–40,Female,Lake Kimberlyborough,Non-AC Sleeper,New Jeremy,North Lisabury,919,11.6,Non-AC Sleeper,1177
B0405,C021,R029,15-01-2024,10-02-2024,4,2.3,Nathaniel Davis,18–25,Male,South Mary,AC Semi-Sleeper,Ramireztown,Evelynland,1235,8.2,Non-AC Seater,443
B0406,C030,R002,15-01-2024,12-02-2024,2,4.4,Shane Davidson,18–25,Non-Binary,South Jamesside,AC Sleeper,Port Johnton,North Jonathan,1092,11.9,Non-AC Seater,967
B0407,C013,R027,05-03-2023,27-03-2023,5,4.7,Thomas Wang,26–40,Non-Binary,Port Matthewmouth,Non-AC Seater,Brooksshire,Douglasmouth,478,20.8,AC Sleeper,998
B0408,C025,R030,05-03-2024,24-03-2024,3,4.7,Brittany Casey,26–40,Female,West Benjaminland,Non-AC Seater,Crossside,Jillianview,796,18.0,AC Semi-Sleeper,1493
B0409,C004,R018,22-04-2022,03-05-2022,3,4.9,Kathryn Mueller,41–60,Non-Binary,New Melissa,AC Sleeper,Port Stacy,Port Nicoleville,487,8.4,AC Sleeper,1199
B0410,C088,R033,26-09-2023,05-10-2023,5,2.2,Matthew Murillo,18–25,Non-Binary,North Darin,Non-AC Seater,North Deborah,Lake Jacobfort,337,6.4,Non-AC Sleeper,1288
B0411,C097,R032,05-09-2022,22-09-2022,1,3.0,Travis Newman,18–25,Male,South Linda,AC Semi-Sleeper,Langland,Whitneyhaven,1201,7.6,AC Sleeper,1024
B0412,C038,R002,01-12-2023,28-12-2023,2,4.9,Nathan Henderson Jr.,26–40,Female,Lake Kimberlyborough,Non-AC Sleeper,Port Johnton,North Jonathan,1092,11.9,Non-AC Seater,967
B0413,C003,R010,05-07-2022,25-07-2022,4,1.7,Rebecca Rios,<18,Male,New Lee,Non-AC Sleeper,North Maryport,East Mark,804,2.5,AC Semi-Sleeper,1878
B0414,C042,R048,26-11-2024,20-12-2024,4,2.4,Faith Henderson,<18,Female,Davidfurt,AC Semi-Sleeper,North Mistyberg,Moorestad,472,16.1,Non-AC Sleeper,1793
B0415,C088,R046,15-11-2024,29-11-2024,4,4.1,Matthew Murillo,18–25,Non-Binary,North Darin,Non-AC Seater,Williamsville,Mcdowellburgh,140,14.4,Non-AC Seater,1542
B0416,C076,R011,15-04-2023,17-04-2023,5,3.6,Tyler Shepherd,18–25,Non-Binary,Evanburgh,AC Sleeper,Port Stephenland,South Micheleside,1116,20.5,AC Semi-Sleeper,950
B0417,C005,R012,29-09-2024,20-10-2024,4,4.4,Riley Mitchell,18–25,Female,Perrystad,Non-AC Seater,Brownbury,Lake Holly,1269,23.5,Non-AC Sleeper,1543
B0418,C081,R010,09-03-2024,25-03-2024,3,4.9,Marissa Jimenez DDS,41–60,Female,Port Angie,AC Sleeper,North Maryport,East Mark,804,2.5,AC Semi-Sleeper,1878
B0419,C049,R048,07-05-2024,28-05-2024,4,3.7,Kenneth Morse,26–40,Non-Binary,Raymondview,Non-AC Seater,North Mistyberg,Moorestad,472,16.1,Non-AC Sleeper,1793
B0420,C084,R026,06-08-2023,14-08-2023,1,2.2,Mark Lee,<18,Male,New Jacobton,AC Semi-Sleeper,Walterfort,Port Johnland,636,7.4,Non-AC Seater,1765
B0421,C052,R050,24-01-2022,17-02-2022,4,3.8,Kyle Stewart,26–40,Non-Binary,Jeffreybury,AC Sleeper,Vincentview,South Corystad,347,14.8,Non-AC Sleeper,725
B0422,C054,R018,22-08-2023,12-09-2023,4,2.3,Robert Ibarra,<18,Non-Binary,Jonathanport,Non-AC Sleeper,Port Stacy,Port Nicoleville,487,8.4,AC Sleeper,1199
B0423,C020,R039,07-06-2024,27-06-2024,3,3.1,Jenna Taylor,<18,Female,Michaelton,Non-AC Sleeper,Terrichester,Youngmouth,107,6.4,Non-AC Sleeper,976
B0424,C030,R029,22-09-2022,24-09-2022,1,2.6,Shane Davidson,18–25,Non-Binary,South Jamesside,AC Sleeper,Ramireztown,Evelynland,1235,8.2,Non-AC Seater,443
B0425,C062,R048,11-06-2022,17-06-2022,4,4.6,Nicholas Rivera,<18,Non-Binary,West Aaron,AC Sleeper,North Mistyberg,Moorestad,472,16.1,Non-AC Sleeper,1793
B0426,C090,R028,11-09-2024,13-09-2024,4,3.4,Pamela Brooks,41–60,Non-Binary,South Jason,AC Semi-Sleeper,Nguyenstad,Lake Samuelfurt,480,13.1,AC Sleeper,1178
B0427,C100,R044,22-08-2022,16-09-2022,3,3.3,Helen Price,41–60,Male,Martinezview,AC Sleeper,Newmanside,Lake Jamesburgh,760,18.8,AC Semi-Sleeper,1319
B0428,C017,R044,01-09-2024,30-09-2024,3,1.5,Lori Rogers,>60,Female,West Colleentown,AC Semi-Sleeper,Newmanside,Lake Jamesburgh,760,18.8,AC Semi-Sleeper,1319
B0429,C003,R025,29-09-2023,23-10-2023,5,4.1,Rebecca Rios,<18,Male,New Lee,Non-AC Sleeper,Lake Jason,East Madison,618,12.5,AC Semi-Sleeper,891
B0430,C072,R002,05-04-2024,21-04-2024,4,1.9,James Aguirre,18–25,Non-Binary,East Marie,AC Semi-Sleeper,Port Johnton,North Jonathan,1092,11.9,Non-AC Seater,967
B0431,C049,R036,15-03-2022,31-03-2022,1,3.8,Kenneth Morse,26–40,Non-Binary,Raymondview,Non-AC Seater,Stanleyborough,Herreraberg,855,23.9,AC Semi-Sleeper,350
B0432,C063,R018,06-01-2024,13-01-2024,4,4.7,Alejandra Pitts,18–25,Male,North Angela,AC Sleeper,Port Stacy,Port Nicoleville,487,8.4,AC Sleeper,1199
B0433,C014,R026,01-02-2024,05-02-2024,3,3.1,Matthew Randall,26–40,Male,South Robert,AC Semi-Sleeper,Walterfort,Port Johnland,636,7.4,Non-AC Seater,1765
B0434,C052,R027,18-08-2022,15-09-2022,2,2.0,Kyle Stewart,26–40,Non-Binary,Jeffreybury,AC Sleeper,Brooksshire,Douglasmouth,478,20.8,AC Sleeper,998
B0435,C039,R045,28-06-2023,02-07-2023,4,4.6,Michael Potts,<18,Female,Payneshire,AC Semi-Sleeper,East Kathy,East Tyler,1168,5.8,Non-AC Seater,416
B0436,C019,R014,24-04-2023,07-05-2023,1,1.6,Kaitlyn Snow,26–40,Non-Binary,Danielport,AC Sleeper,New Robert,Lake Cynthiamouth,1498,13.8,Non-AC Sleeper,316
B0437,C032,R010,10-09-2024,04-10-2024,3,4.6,Katherine Gallagher DDS,18–25,Non-Binary,Josephport,Non-AC Sleeper,North Maryport,East Mark,804,2.5,AC Semi-Sleeper,1878
B0438,C086,R005,03-05-2024,16-05-2024,3,1.9,William Mathews,26–40,Male,New Kimberly,AC Semi-Sleeper,East Courtney,Port Jeffery,305,1.5,Non-AC Seater,1982
B0439,C043,R025,29-03-2023,11-04-2023,1,1.9,Vincent Brown,41–60,Non-Binary,Jordanshire,AC Sleeper,Lake Jason,East Madison,618,12.5,AC Semi-Sleeper,891
B0440,C028,R006,30-04-2023,22-05-2023,2,1.6,Amber Banks,26–40,Non-Binary,Staceyburgh,Non-AC Sleeper,New Jamieland,Markberg,1440,3.8,AC Sleeper,1421
B0441,C089,R012,05-09-2022,30-09-2022,3,2.3,Melanie Ramirez,<18,Female,Cookefort,Non-AC Seater,Brownbury,Lake Holly,1269,23.5,Non-AC Sleeper,1543
B0442,C061,R024,02-09-2023,10-09-2023,1,1.3,Crystal Hendrix,>60,Male,Lake Travisview,Non-AC Sleeper,South Richard,New Brandonmouth,742,15.7,AC Semi-Sleeper,1141
B0443,C007,R046,10-11-2024,07-12-2024,4,4.1,Elizabeth Simpson,41–60,Male,Brianland,Non-AC Sleeper,Williamsville,Mcdowellburgh,140,14.4,Non-AC Seater,1542
B0444,C083,R029,07-11-2023,12-11-2023,4,3.0,Gabriel Lopez,>60,Male,North Tinaborough,AC Semi-Sleeper,Ramireztown,Evelynland,1235,8.2,Non-AC Seater,443
B0445,C026,R007,24-11-2024,04-12-2024,3,2.5,Stephanie Williams,>60,Male,West Bradley,Non-AC Sleeper,Douglasshire,Port James,1138,6.5,AC Sleeper,504
B0446,C083,R008,16-05-2022,14-06-2022,4,4.4,Gabriel Lopez,>60,Male,North Tinaborough,AC Semi-Sleeper,East Jimburgh,Wendystad,844,11.1,AC Sleeper,1392
B0447,C016,R008,07-12-2024,05-01-2025,4,2.6,Nicole Atkinson,>60,Female,West Gregg,AC Sleeper,East Jimburgh,Wendystad,844,11.1,AC Sleeper,1392
B0448,C007,R028,02-07-2024,14-07-2024,3,1.8,Elizabeth Simpson,41–60,Male,Brianland,Non-AC Sleeper,Nguyenstad,Lake Samuelfurt,480,13.1,AC Sleeper,1178
B0449,C033,R047,25-07-2024,16-08-2024,5,4.5,Jocelyn Miller,41–60,Non-Binary,Lake Robin,Non-AC Seater,Benjaminstad,West Annaland,662,11.7,Non-AC Seater,856
B0450,C014,R014,14-09-2024,26-09-2024,2,4.6,Matthew Randall,26–40,Male,South Robert,AC Semi-Sleeper,New Robert,Lake Cynthiamouth,1498,13.8,Non-AC Sleeper,316
B0451,C083,R008,27-10-2023,19-11-2023,3,4.7,Gabriel Lopez,>60,Male,North Tinaborough,AC Semi-Sleeper,East Jimburgh,Wendystad,844,11.1,AC Sleeper,1392
B0452,C080,R019,01-08-2024,18-08-2024,1,4.7,Leroy Williams,>60,Male,West Austinshire,Non-AC Sleeper,Pooleburgh,West Eric,933,12.0,AC Sleeper,1921
B0453,C077,R049,14-04-2022,27-04-2022,5,2.7,Jennifer Vaughn,>60,Non-Binary,West Danny,Non-AC Seater,West Trevor,North Tammyfort,836,19.7,AC Sleeper,551
B0454,C088,R006,10-12-2024,14-12-2024,3,3.9,Matthew Murillo,18–25,Non-Binary,North Darin,Non-AC Seater,New Jamieland,Markberg,1440,3.8,AC Sleeper,1421
B0455,C017,R006,05-12-2023,22-12-2023,4,4.0,Lori Rogers,>60,Female,West Colleentown,AC Semi-Sleeper,New Jamieland,Markberg,1440,3.8,AC Sleeper,1421
B0456,C042,R033,27-07-2024,29-07-2024,5,4.9,Faith Henderson,<18,Female,Davidfurt,AC Semi-Sleeper,North Deborah,Lake Jacobfort,337,6.4,Non-AC Sleeper,1288
B0457,C032,R013,02-03-2022,08-03-2022,2,3.2,Katherine Gallagher DDS,18–25,Non-Binary,Josephport,Non-AC Sleeper,Gilberttown,Kaylachester,477,2.6,AC Semi-Sleeper,1240
B0458,C012,R021,13-04-2023,10-05-2023,3,4.8,Mr. Dennis Riley,<18,Non-Binary,East Ashley,AC Sleeper,Goldenview,New Marissashire,110,14.6,Non-AC Sleeper,1471
B0459,C028,R018,24-09-2024,12-10-2024,2,1.3,Amber Banks,26–40,Non-Binary,Staceyburgh,Non-AC Sleeper,Port Stacy,Port Nicoleville,487,8.4,AC Sleeper,1199
B0460,C009,R017,18-07-2024,15-08-2024,4,1.1,Jonathan Lynn,>60,Male,Angelicaview,Non-AC Sleeper,Port Jessica,Port Emily,435,11.4,AC Semi-Sleeper,907
B0461,C049,R035,11-07-2023,06-08-2023,4,1.6,Kenneth Morse,26–40,Non-Binary,Raymondview,Non-AC Seater,New Justin,Ronniemouth,933,5.5,AC Semi-Sleeper,454
B0462,C099,R043,19-07-2022,03-08-2022,4,3.8,Mrs. Anna Jordan,>60,Female,East Davidmouth,Non-AC Seater,East Deanna,Nicolestad,125,4.0,AC Sleeper,1012
B0463,C008,R049,25-04-2022,21-05-2022,2,3.1,Jonathan Schwartz,18–25,Female,Kimberlystad,Non-AC Sleeper,West Trevor,North Tammyfort,836,19.7,AC Sleeper,551
B0464,C084,R016,18-02-2022,25-02-2022,2,3.1,Mark Lee,<18,Male,New Jacobton,AC Semi-Sleeper,Williamside,West Leslie,1408,19.8,Non-AC Seater,1653
B0465,C031,R004,02-02-2023,27-02-2023,5,2.5,David Jarvis,>60,Male,New Michellemouth,AC Semi-Sleeper,North Rebeccafort,Deborahfurt,232,12.2,Non-AC Seater,1806
B0466,C067,R025,02-04-2024,19-04-2024,5,1.1,Stephanie Davenport,<18,Non-Binary,Stacyton,Non-AC Sleeper,Lake Jason,East Madison,618,12.5,AC Semi-Sleeper,891
B0467,C018,R005,30-04-2023,17-05-2023,2,4.1,Mrs. April Carey,26–40,Non-Binary,Port Mitchell,Non-AC Sleeper,East Courtney,Port Jeffery,305,1.5,Non-AC Seater,1982
B0468,C079,R016,05-02-2023,16-02-2023,2,2.5,Charles Romero,<18,Non-Binary,Maychester,AC Sleeper,Williamside,West Leslie,1408,19.8,Non-AC Seater,1653
B0469,C001,R048,15-12-2022,18-12-2022,4,4.1,Ashley Hooper,26–40,Non-Binary,Annchester,AC Sleeper,North Mistyberg,Moorestad,472,16.1,Non-AC Sleeper,1793
B0470,C015,R043,22-10-2023,31-10-2023,4,2.7,Joseph Anderson,>60,Non-Binary,Elizabethland,Non-AC Sleeper,East Deanna,Nicolestad,125,4.0,AC Sleeper,1012
B0471,C044,R002,21-02-2024,06-03-2024,5,2.1,Paul Brown,>60,Male,New Brittanyburgh,Non-AC Sleeper,Port Johnton,North Jonathan,1092,11.9,Non-AC Seater,967
B0472,C097,R049,03-06-2024,18-06-2024,1,1.4,Travis Newman,18–25,Male,South Linda,AC Semi-Sleeper,West Trevor,North Tammyfort,836,19.7,AC Sleeper,551
B0473,C049,R022,01-03-2024,28-03-2024,1,4.9,Kenneth Morse,26–40,Non-Binary,Raymondview,Non-AC Seater,Garyton,North Kellyland,1463,15.2,Non-AC Seater,1517
B0474,C053,R015,30-09-2022,25-10-2022,3,3.9,Charles Allen,<18,Female,Lake Amanda,AC Sleeper,Douglaschester,Lawrenceberg,1374,21.5,AC Semi-Sleeper,844
B0475,C097,R001,02-01-2022,03-01-2022,1,2.6,Travis Newman,18–25,Male,South Linda,AC Semi-Sleeper,Pettymouth,West Joelborough,749,5.4,AC Sleeper,1616
B0476,C053,R013,03-10-2023,05-10-2023,2,3.7,Charles Allen,<18,Female,Lake Amanda,AC Sleeper,Gilberttown,Kaylachester,477,2.6,AC Semi-Sleeper,1240
B0477,C056,R012,12-09-2022,07-10-2022,2,4.2,Susan Bryan,>60,Female,Byrdville,AC Semi-Sleeper,Brownbury,Lake Holly,1269,23.5,Non-AC Sleeper,1543
B0478,C076,R031,31-10-2023,08-11-2023,1,3.4,Tyler Shepherd,18–25,Non-Binary,Evanburgh,AC Sleeper,West Jeffrey,South Kim,73,9.6,Non-AC Seater,1264
B0479,C033,R011,07-07-2024,16-07-2024,2,1.4,Jocelyn Miller,41–60,Non-Binary,Lake Robin,Non-AC Seater,Port Stephenland,South Micheleside,1116,20.5,AC Semi-Sleeper,950
B0480,C097,R046,25-05-2022,05-06-2022,4,1.9,Travis Newman,18–25,Male,South Linda,AC Semi-Sleeper,Williamsville,Mcdowellburgh,140,14.4,Non-AC Seater,1542
B0481,C023,R003,09-06-2022,13-06-2022,4,3.5,David Perez,>60,Non-Binary,South Katherine,AC Sleeper,Madisonberg,South Danny,1172,4.3,Non-AC Sleeper,1112
B0482,C023,R029,14-07-2022,10-08-2022,3,2.9,David Perez,>60,Non-Binary,South Katherine,AC Sleeper,Ramireztown,Evelynland,1235,8.2,Non-AC Seater,443
B0483,C036,R050,18-10-2024,25-10-2024,3,2.7,Jimmy Lane,>60,Non-Binary,Jessestad,AC Sleeper,Vincentview,South Corystad,347,14.8,Non-AC Sleeper,725
B0484,C055,R005,06-09-2023,21-09-2023,2,4.1,Laura Ramirez,>60,Female,East Kathleenside,AC Sleeper,East Courtney,Port Jeffery,305,1.5,Non-AC Seater,1982
B0485,C049,R045,16-01-2024,20-01-2024,5,1.1,Kenneth Morse,26–40,Non-Binary,Raymondview,Non-AC Seater,East Kathy,East Tyler,1168,5.8,Non-AC Seater,416
B0486,C008,R033,04-06-2024,27-06-2024,5,3.9,Jonathan Schwartz,18–25,Female,Kimberlystad,Non-AC Sleeper,North Deborah,Lake Jacobfort,337,6.4,Non-AC Sleeper,1288
B0487,C099,R002,13-10-2022,15-10-2022,2,1.9,Mrs. Anna Jordan,>60,Female,East Davidmouth,Non-AC Seater,Port Johnton,North Jonathan,1092,11.9,Non-AC Seater,967
B0488,C082,R031,02-11-2024,13-11-2024,2,4.7,Rebecca Beck,18–25,Male,East Amberfurt,Non-AC Seater,West Jeffrey,South Kim,73,9.6,Non-AC Seater,1264
B0489,C084,R026,30-06-2022,23-07-2022,4,3.4,Mark Lee,<18,Male,New Jacobton,AC Semi-Sleeper,Walterfort,Port Johnland,636,7.4,Non-AC Seater,1765
B0490,C025,R024,28-01-2024,30-01-2024,3,1.2,Brittany Casey,26–40,Female,West Benjaminland,Non-AC Seater,South Richard,New Brandonmouth,742,15.7,AC Semi-Sleeper,1141
B0491,C004,R050,16-05-2022,07-06-2022,5,1.5,Kathryn Mueller,41–60,Non-Binary,New Melissa,AC Sleeper,Vincentview,South Corystad,347,14.8,Non-AC Sleeper,725
B0492,C093,R046,11-05-2024,30-05-2024,3,2.5,Samantha Osborne,18–25,Female,Calebfort,Non-AC Sleeper,Williamsville,Mcdowellburgh,140,14.4,Non-AC Seater,1542
B0493,C067,R028,12-04-2024,16-04-2024,5,4.5,Stephanie Davenport,<18,Non-Binary,Stacyton,Non-AC Sleeper,Nguyenstad,Lake Samuelfurt,480,13.1,AC Sleeper,1178
B0494,C093,R045,06-03-2024,02-04-2024,4,4.2,Samantha Osborne,18–25,Female,Calebfort,Non-AC Sleeper,East Kathy,East Tyler,1168,5.8,Non-AC Seater,416
B0495,C020,R042,25-10-2024,20-11-2024,3,4.0,Jenna Taylor,<18,Female,Michaelton,Non-AC Sleeper,Lake Michael,Jessicabury,1012,18.2,AC Semi-Sleeper,1531
B0496,C006,R013,16-07-2022,20-07-2022,4,2.7,Cynthia Norman,41–60,Non-Binary,Mendeztown,Non-AC Sleeper,Gilberttown,Kaylachester,477,2.6,AC Semi-Sleeper,1240
B0497,C072,R010,19-05-2023,08-06-2023,2,3.6,James Aguirre,18–25,Non-Binary,East Marie,AC Semi-Sleeper,North Maryport,East Mark,804,2.5,AC Semi-Sleeper,1878
B0498,C071,R009,29-12-2021,07-01-2022,1,1.6,Andrew Clements,18–25,Female,Andrewview,AC Sleeper,Kennedyborough,Jonesshire,1265,19.5,AC Sleeper,805
B0499,C032,R029,02-04-2023,07-04-2023,4,4.7,Katherine Gallagher DDS,18–25,Non-Binary,Josephport,Non-AC Sleeper,Ramireztown,Evelynland,1235,8.2,Non-AC Seater,443
B0500,C024,R026,10-12-2022,08-01-2023,2,3.2,Mallory Lopez,>60,Male,Carterborough,AC Semi-Sleeper,Walterfort,Port Johnland,636,7.4,Non-AC Seater,1765
